id,designation,short,names,aliases,tags,type,type_label,code,constellation,ra_deg,dec_deg,major_arcmin,minor_arcmin,v_mag,sb,sb_basis,messier,caldwell,plannable,why_not,source
m1,M 1 · NGC 1952,M1,Crab Nebula,ngc1952|lbn833,,supernova-remnant,Supernova remnant,SNR,Taurus,83.63321,22.01447,8.00,4.00,8.40,20.79,derived,1,,1,,NGC1952
m2,M 2 · NGC 7089,M2,,ngc7089|mwsc3526,,globular-cluster,Globular cluster,GCl,Aquarius,323.36254,-0.82331,8.40,,6.25,19.50,derived,2,,1,,NGC7089
m3,M 3 · NGC 5272,M3,,ngc5272|mwsc2152,,globular-cluster,Globular cluster,GCl,Canes Venatici,205.54679,28.37544,16.20,,6.39,21.07,derived,3,,1,,NGC5272
m4,M 4 · NGC 6121,M4,,ngc6121|mwsc2396,,globular-cluster,Globular cluster,GCl,Scorpius,245.89750,-26.52553,28.20,,5.40,21.28,derived,4,,1,,NGC6121
m5,M 5 · NGC 5904,M5,,ngc5904|mwsc2286,,globular-cluster,Globular cluster,GCl,Serpens,229.64063,2.08269,15.00,,5.95,20.46,derived,5,,1,,NGC5904
m6,M 6 · NGC 6405,M6,Butterfly Cluster,ngc6405|mwsc2661,,open-cluster,Open cluster,OCl,Scorpius,265.08646,-32.25417,15.60,,4.20,18.79,derived,6,,1,,NGC6405
m7,M 7 · NGC 6475,M7,Ptolemy's Cluster,ngc6475|mwsc2739,,open-cluster,Open cluster,OCl,Scorpius,268.46325,-34.79283,22.20,,3.30,18.66,derived,7,,1,,NGC6475
m8,M 8 · NGC 6523 · NGC 6533 · Sh2-25,M8,Lagoon Nebula,ngc6523|ngc6533|lbn25|sh2-25,,emission-nebula,Nebula,Neb,Sagittarius,270.92196,-24.38017,45.00,30.00,5.80,22.25,derived,8,,1,,NGC6523
m9,M 9 · NGC 6333,M9,,ngc6333|mwsc2567,,globular-cluster,Globular cluster,GCl,Ophiuchus,259.79908,-18.51625,6.90,,8.42,21.24,derived,9,,1,,NGC6333
m10,M 10 · NGC 6254,M10,,ngc6254|mwsc2498,,globular-cluster,Globular cluster,GCl,Ophiuchus,254.28746,-4.09933,9.30,,4.98,18.45,derived,10,,1,,NGC6254
m11,M 11 · NGC 6705,M11,Wild Duck Cluster,ngc6705|mwsc3008,,open-cluster,Open cluster,OCl,Scutum,282.77496,-6.27003,9.00,,5.80,19.20,derived,11,,1,,NGC6705
m12,M 12 · NGC 6218,M12,,ngc6218|mwsc2464,,globular-cluster,Globular cluster,GCl,Ophiuchus,251.81050,-1.94783,11.10,,6.07,19.93,derived,12,,1,,NGC6218
m13,M 13 · NGC 6205,M13,Hercules Globular Cluster|Great Globular Cluster in Hercules,ngc6205|mwsc2445,,globular-cluster,Globular cluster,GCl,Hercules,250.42346,36.46131,16.50,,5.80,20.52,derived,13,,1,,NGC6205
m14,M 14 · NGC 6402,M14,,ngc6402|mwsc2643,,globular-cluster,Globular cluster,GCl,Ophiuchus,264.40067,-3.24592,9.90,,5.73,19.34,derived,14,,1,,NGC6402
m15,M 15 · NGC 7078,M15,,ngc7078|mwsc3518,,globular-cluster,Globular cluster,GCl,Pegasus,322.49325,12.16683,11.10,,6.30,20.16,derived,15,,1,,NGC7078
m16,M 16 · NGC 6611 · IC 4703 · Sh2-49,M16,Eagle Nebula|Star Queen,ngc6611|lbn67|mwsc2886|ic4703|sh2-49,,emission-nebula,Nebula,Neb,Serpens,274.70071,-13.80722,70.00,50.00,,22.50,typical,16,,1,,NGC6611
m17,M 17 · NGC 6618 · Sh2-45,M17,Lobster Nebula|Swan Nebula|Omega Nebula,ngc6618|lbn60|mwsc2896|sh2-45,,emission-nebula,Nebula,Neb,Sagittarius,275.19629,-16.17153,12.60,,7.00,21.13,derived,17,,1,,NGC6618
m18,M 18 · NGC 6613,M18,,ngc6613|mwsc2892,,open-cluster,Open cluster,OCl,Sagittarius,274.99371,-17.10197,6.00,,6.90,19.42,derived,18,,1,,NGC6613
m19,M 19 · NGC 6273,M19,,ngc6273|mwsc2519,,globular-cluster,Globular cluster,GCl,Ophiuchus,255.65700,-26.26794,7.50,,5.57,18.57,derived,19,,1,,NGC6273
m20,M 20 · NGC 6514,M20,Trifid Nebula,ngc6514|lbn27|mwsc2789,,emission-nebula,Nebula,Neb,Sagittarius,270.67546,-22.97189,28.00,28.00,,22.50,typical,20,,1,,NGC6514
m21,M 21 · NGC 6531,M21,,ngc6531|mwsc2796,,open-cluster,Open cluster,OCl,Sagittarius,271.05604,-22.49006,6.00,,5.90,18.42,derived,21,,1,,NGC6531
m22,M 22 · NGC 6656,M22,,ngc6656|mwsc2961,,globular-cluster,Globular cluster,GCl,Sagittarius,279.10083,-23.90342,12.60,,6.17,20.30,derived,22,,1,,NGC6656
m23,M 23 · NGC 6494,M23,,ngc6494|mwsc2757,,open-cluster,Open cluster,OCl,Sagittarius,269.26988,-18.98533,16.80,,5.50,20.26,derived,23,,1,,NGC6494
m24,M 24 · IC 4715,M24,Small Sagittarius Star Cloud|Sagittarius Star Cloud,ic4715,,other,Star cloud,*Ass,Sagittarius,274.23383,-18.51456,120.00,60.00,4.50,22.77,derived,24,,1,,IC4715
m25,M 25 · IC 4725,M25,,ic4725|mwsc2940,,open-cluster,Open cluster,OCl,Sagittarius,277.94488,-19.11494,14.10,,4.60,18.97,derived,25,,1,,IC4725
m26,M 26 · NGC 6694,M26,,ngc6694|mwsc2987,,open-cluster,Open cluster,OCl,Scutum,281.32775,-9.38361,6.00,,8.87,21.39,derived,26,,1,,NGC6694
m27,M 27 · NGC 6853,M27,Dumbbell Nebula|Apple Core Nebula,ngc6853,,planetary-nebula,Planetary nebula,PN,Vulpecula,299.90158,22.72103,6.70,,7.40,20.16,derived,27,,1,,NGC6853
m28,M 28 · NGC 6626,M28,,ngc6626|mwsc2908,,globular-cluster,Globular cluster,GCl,Sagittarius,276.13704,-24.86983,5.10,,6.90,19.07,derived,28,,1,,NGC6626
m29,M 29 · NGC 6913,M29,,ngc6913|mwsc3329,,open-cluster,Open cluster,OCl,Cygnus,305.99071,38.50767,3.60,,6.60,18.01,derived,29,,1,,NGC6913
m30,M 30 · NGC 7099,M30,,ngc7099|mwsc3543,,globular-cluster,Globular cluster,GCl,Capricornus,325.09175,-23.17908,9.00,,7.10,20.50,derived,30,,1,,NGC7099
m31,M 31 · NGC 224,M31,Andromeda Galaxy,ngc224|pgc2557|ugc454,,galaxy,Spiral galaxy,G,Andromeda,10.68479,41.26906,177.83,69.66,3.44,22.78,leda,31,,1,,NGC0224
m32,M 32 · NGC 221,M32,,ngc221|pgc2555|ugc452,,galaxy,Elliptical galaxy,G,Andromeda,10.67429,40.86528,7.74,4.86,8.13,21.41,leda,32,,1,,NGC0221
m33,M 33 · NGC 598,M33,Triangulum Galaxy|Triangulum Pinwheel,ngc598|pgc5818|ugc1117,,galaxy,Spiral galaxy,G,Triangulum,23.46204,30.66022,62.09,36.73,5.79,23.05,leda,33,,1,,NGC0598
m34,M 34 · NGC 1039,M34,,ngc1039|mwsc223,,open-cluster,Open cluster,OCl,Perseus,40.53083,42.74614,22.50,,5.20,20.59,derived,34,,1,,NGC1039
m35,M 35 · NGC 2168,M35,,ngc2168|mwsc754,,open-cluster,Open cluster,OCl,Gemini,92.27108,24.33864,24.00,,5.10,20.63,derived,35,,1,,NGC2168
m36,M 36 · NGC 1960,M36,,ngc1960|mwsc594,,open-cluster,Open cluster,OCl,Auriga,84.07392,34.14075,7.20,,6.00,18.92,derived,36,,1,,NGC1960
m37,M 37 · NGC 2099,M37,,ngc2099|mwsc689,,open-cluster,Open cluster,OCl,Auriga,88.07646,32.55300,11.40,,5.60,19.51,derived,37,,1,,NGC2099
m38,M 38 · NGC 1912,M38,Starfish Cluster,ngc1912|mwsc557,,open-cluster,Open cluster,OCl,Auriga,82.17704,35.85492,9.60,,6.40,19.94,derived,38,,1,,NGC1912
m39,M 39 · NGC 7092,M39,,ngc7092|mwsc3521,,open-cluster,Open cluster,OCl,Cygnus,322.95133,48.43817,19.50,,4.60,19.68,derived,39,,1,,NGC7092
m40,M 40,M40,,,,other,Double star,**,Ursa Major,185.56708,58.08444,,,8.00,22.50,typical,40,,0,"a double star, not an extended object -- there is no surface to expose for",M040
m41,M 41 · NGC 2287,M41,Little Beehive Cluster,ngc2287|mwsc978,,open-cluster,Open cluster,OCl,Canis Major,101.49975,-20.75422,12.00,,4.50,18.52,derived,41,,1,,NGC2287
m42,M 42 · NGC 1976 · Sh2-281,M42,Orion Nebula|Great Orion Nebula,ngc1976|lbn974|mwsc582|sh2-281,,cluster-nebula,Cluster with nebula,Cl+N,Orion,83.81867,-5.38967,90.00,60.00,4.00,21.96,derived,42,,1,,NGC1976
m43,M 43 · NGC 1982,M43,Mairan's Nebula,ngc1982,,emission-nebula,HII region,HII,Orion,83.88075,-5.26747,20.00,15.00,9.00,23.82,derived,43,,1,,NGC1982
m44,M 44 · NGC 2632,M44,Beehive Cluster|Praesepe Cluster,ngc2632|mwsc1527,,open-cluster,Open cluster,OCl,Cancer,130.09250,19.67206,108.60,,3.10,21.91,derived,44,,1,,NGC2632
m45,M 45 · Mel 22,M45,Pleiades,mel22|mwsc305,,reflection-nebula,Open cluster with reflection nebula,RfN,Taurus,56.86917,24.10528,150.00,150.00,,22.50,typical,45,,1,,Mel022
m46,M 46 · NGC 2437,M46,,ngc2437|mwsc1313,,open-cluster,Open cluster,OCl,Puppis,115.44508,-14.81000,21.00,,6.10,21.34,derived,46,,1,,NGC2437
m47,M 47 · NGC 2422 · NGC 2478,M47,,ngc2422|ngc2478|mwsc1278,,open-cluster,Open cluster,OCl,Puppis,114.14592,-14.48261,19.80,,4.40,19.51,derived,47,,1,,NGC2422
m48,M 48 · NGC 2548,M48,,ngc2548|mwsc1454,,open-cluster,Open cluster,OCl,Hydra,123.42992,-5.75044,28.20,,5.80,21.68,derived,48,,1,,NGC2548
m49,M 49 · NGC 4472,M49,,ngc4472|pgc41220|ugc7629,,galaxy,Elliptical galaxy,G,Virgo,187.44483,8.00047,10.21,8.38,8.28,22.18,leda,49,,1,,NGC4472
m50,M 50 · NGC 2323,M50,,ngc2323|mwsc1072,,open-cluster,Open cluster,OCl,Monoceros,105.66863,-8.36403,14.10,,5.90,20.27,derived,50,,1,,NGC2323
m51,M 51 · NGC 5194,M51,Whirlpool Galaxy,ngc5194|pgc47404|ugc8493,,galaxy,Spiral galaxy,G,Canes Venatici,202.46962,47.19517,13.71,11.67,7.86,22.15,leda,51,,1,,NGC5194
m52,M 52 · NGC 7654,M52,,ngc7654|mwsc3725,,open-cluster,Open cluster,OCl,Cassiopeia,351.20167,61.59317,9.90,,6.90,20.51,derived,52,,1,,NGC7654
m53,M 53 · NGC 5024,M53,,ngc5024|mwsc2094,,globular-cluster,Globular cluster,GCl,Coma Berenices,198.23012,18.16911,9.00,,7.79,21.19,derived,53,,1,,NGC5024
m54,M 54 · NGC 6715,M54,,ngc6715|mwsc3023,,globular-cluster,Globular cluster,GCl,Sagittarius,283.76363,-30.47850,5.10,,7.70,19.87,derived,54,,1,,NGC6715
m55,M 55 · NGC 6809,M55,,ngc6809|mwsc3150,,globular-cluster,Globular cluster,GCl,Sagittarius,294.99750,-30.96208,12.00,,6.49,20.51,derived,55,,1,,NGC6809
m56,M 56 · NGC 6779,M56,,ngc6779|mwsc3077,,globular-cluster,Globular cluster,GCl,Lyra,289.14796,30.18450,5.80,,8.40,20.85,derived,56,,1,,NGC6779
m57,M 57 · NGC 6720,M57,Ring Nebula,ngc6720,,planetary-nebula,Planetary nebula,PN,Lyra,283.39587,33.02858,1.27,,8.80,17.95,derived,57,,1,,NGC6720
m58,M 58 · NGC 4579,M58,,ngc4579|pgc42168|ugc7796,,galaxy,Spiral galaxy,G,Virgo,189.43133,11.81819,5.01,3.84,9.69,21.74,leda,58,,1,,NGC4579
m59,M 59 · NGC 4621,M59,,ngc4621|pgc42628|ugc7858,,galaxy,Elliptical galaxy,G,Virgo,190.50933,11.64703,4.55,3.21,9.56,21.70,leda,59,,1,,NGC4621
m60,M 60 · NGC 4649,M60,,ngc4649|pgc42831|ugc7898,,galaxy,Elliptical galaxy,G,Virgo,190.91658,11.55269,6.78,5.45,8.79,21.81,leda,60,,1,,NGC4649
m61,M 61 · NGC 4303,M61,,ngc4303|pgc40001|ugc7420,,galaxy,Spiral galaxy,G,Virgo,185.47875,4.47364,6.89,6.56,9.59,22.48,leda,61,,1,,NGC4303
m62,M 62 · NGC 6266,M62,,ngc6266|mwsc2512,,globular-cluster,Globular cluster,GCl,Ophiuchus,255.30250,-30.11236,7.80,,7.39,20.48,derived,62,,1,,NGC6266
m63,M 63 · NGC 5055,M63,Sunflower Galaxy,ngc5055|pgc46153|ugc8334,,galaxy,Spiral galaxy,G,Canes Venatici,198.95554,42.02928,11.83,7.16,8.61,22.33,leda,63,,1,,NGC5055
m64,M 64 · NGC 4826,M64,Black Eye Galaxy|Evil Eye Galaxy,ngc4826|pgc44182|ugc8062,,galaxy,Spiral galaxy,G,Coma Berenices,194.18183,21.68297,10.52,5.33,8.52,21.93,leda,64,,1,,NGC4826
m65,M 65 · NGC 3623,M65,,ngc3623|pgc34612|ugc6328,Leo Triplet,galaxy,Spiral galaxy,G,Leo,169.73300,13.09236,7.64,1.97,9.32,21.91,leda,65,,1,,NGC3623
m66,M 66 · NGC 3627,M66,,ngc3627|pgc34695|ugc6346,Leo Triplet,galaxy,Spiral galaxy,G,Leo,170.06233,12.99153,10.28,4.61,8.92,22.15,leda,66,,1,,NGC3627
m67,M 67 · NGC 2682,M67,,ngc2682|mwsc1585,,open-cluster,Open cluster,OCl,Cancer,132.83388,11.81194,33.00,,6.90,23.12,derived,67,,1,,NGC2682
m68,M 68 · NGC 4590,M68,,ngc4590|mwsc2059,,globular-cluster,Globular cluster,GCl,Hydra,189.86671,-26.74303,6.60,,7.96,20.69,derived,68,,1,,NGC4590
m69,M 69 · NGC 6634 · NGC 6637,M69,,ngc6637|ngc6634|mwsc2936,,globular-cluster,Globular cluster,GCl,Sagittarius,277.84679,-32.34797,5.70,,8.31,20.72,derived,69,,1,,NGC6637
m70,M 70 · NGC 6681,M70,,ngc6681|mwsc2981,,globular-cluster,Globular cluster,GCl,Sagittarius,280.80267,-32.29189,6.60,,9.06,21.79,derived,70,,1,,NGC6681
m71,M 71 · NGC 6838 · NGC 6839,M71,,ngc6838|ngc6839|mwsc3200,,globular-cluster,Globular cluster,GCl,Sagitta,298.44212,18.77839,6.90,,6.10,18.92,derived,71,,1,,NGC6838
m72,M 72 · NGC 6981,M72,,ngc6981|mwsc3419,,globular-cluster,Globular cluster,GCl,Aquarius,313.36629,-12.53706,4.50,,8.96,20.85,derived,72,,1,,NGC6981
m73,M 73 · NGC 6994,M73,,ngc6994,,other,Asterism,Other,Aquarius,314.73321,-12.63550,,,8.90,22.50,typical,73,,0,"an asterism of four unrelated stars, not an extended object",NGC6994
m74,M 74 · NGC 628,M74,Phantom Galaxy,ngc628|pgc5974|ugc1149,,galaxy,Spiral galaxy,G,Pisces,24.17396,15.78367,9.89,9.33,9.31,22.97,leda,74,,1,,NGC0628
m75,M 75 · NGC 6864,M75,,ngc6864|mwsc3254,,globular-cluster,Globular cluster,GCl,Sagittarius,301.52017,-21.92222,3.60,,8.26,19.67,derived,75,,1,,NGC6864
m76,M 76 · NGC 650 · NGC 651,M76,Barbell Nebula|Cork Nebula|Little Dumbbell Nebula,ngc650|ngc651,,planetary-nebula,Planetary nebula,PN,Perseus,25.58204,51.57547,1.12,,10.10,18.97,derived,76,,1,,NGC0650
m77,M 77 · NGC 1068,M77,Squid Galaxy|Cetus A,ngc1068|pgc10266|ugc2188,,galaxy,Spiral galaxy,G,Cetus,40.66963,-0.01328,6.11,5.61,9.29,21.90,leda,77,,1,,NGC1068
m78,M 78 · NGC 2068,M78,,ngc2068|mwsc664,,reflection-nebula,Reflection nebula,RfN,Orion,86.69092,0.07931,8.00,6.00,8.30,21.13,derived,78,,1,,NGC2068
m79,M 79 · NGC 1904,M79,,ngc1904|mwsc528,,globular-cluster,Globular cluster,GCl,Lepus,81.04413,-24.52422,7.20,,8.16,21.08,derived,79,,1,,NGC1904
m80,M 80 · NGC 6093,M80,,ngc6093|mwsc2376,,globular-cluster,Globular cluster,GCl,Scorpius,244.26046,-22.97511,5.70,,7.30,19.71,derived,80,,1,,NGC6093
m81,M 81 · NGC 3031,M81,Bode's Galaxy,ngc3031|pgc28630|ugc5318,Bode's Nebulae,galaxy,Spiral galaxy,G,Ursa Major,148.88821,69.06531,21.63,11.25,6.92,21.91,leda,81,,1,,NGC3031
m82,M 82 · NGC 3034,M82,Cigar Galaxy,ngc3034|pgc28655|ugc5322,Bode's Nebulae,galaxy,Galaxy,G,Ursa Major,148.96971,69.67939,10.99,5.11,8.30,21.58,leda,82,,1,,NGC3034
m83,M 83 · NGC 5236,M83,Southern Pinwheel Galaxy,ngc5236|eso444-81|pgc48082|ugca366,,galaxy,Spiral galaxy,G,Hydra,204.25396,-29.86542,13.61,13.21,7.21,21.59,leda,83,,1,,NGC5236
m84,M 84 · NGC 4374,M84,,ngc4374|pgc40455|ugc7494,Markarian's Chain,galaxy,Elliptical galaxy,G,Virgo,186.26558,12.88697,7.41,6.44,9.06,22.28,leda,84,,1,,NGC4374
m85,M 85 · NGC 4382,M85,,ngc4382|pgc40515|ugc7508,,galaxy,Lenticular galaxy,G,Coma Berenices,186.35046,18.19150,6.95,5.35,9.05,21.98,leda,85,,1,,NGC4382
m86,M 86 · NGC 4406,M86,,ngc4406|pgc40653|ugc7532,Markarian's Chain,galaxy,Elliptical galaxy,G,Virgo,186.54892,12.94622,11.53,8.43,8.86,23.02,leda,86,,1,,NGC4406
m87,M 87 · NGC 4486,M87,Virgo Galaxy|Virgo A,ngc4486|pgc41361|ugc7654,,galaxy,Elliptical galaxy,G,Virgo,187.70592,12.39111,7.11,6.67,9.00,22.14,leda,87,,1,,NGC4486
m88,M 88 · NGC 4501,M88,,ngc4501|pgc41517|ugc7675,,galaxy,Spiral galaxy,G,Coma Berenices,187.99650,14.42039,8.65,4.38,9.49,22.42,leda,88,,1,,NGC4501
m89,M 89 · NGC 4552,M89,,ngc4552|pgc41968|ugc7760,,galaxy,Elliptical galaxy,G,Virgo,188.91587,12.55633,8.13,8.00,10.08,23.51,leda,89,,1,,NGC4552
m90,M 90 · NGC 4569,M90,,ngc4569|pgc42089|ugc7786,,galaxy,Spiral galaxy,G,Virgo,189.20746,13.16294,9.12,3.82,9.54,22.52,leda,90,,1,,NGC4569
m91,M 91 · NGC 4548,M91,,ngc4548|pgc41934|ugc7753,,galaxy,Spiral galaxy,G,Coma Berenices,188.86021,14.49633,5.55,4.52,10.19,22.49,leda,91,,1,,NGC4548
m92,M 92 · NGC 6341,M92,,ngc6341|mwsc2557,,globular-cluster,Globular cluster,GCl,Hercules,259.28029,43.13653,14.40,,6.52,20.94,derived,92,,1,,NGC6341
m93,M 93 · NGC 2447,M93,,ngc2447|mwsc1324,,open-cluster,Open cluster,OCl,Puppis,116.12179,-23.85308,15.00,,6.20,20.71,derived,93,,1,,NGC2447
m94,M 94 · NGC 4736,M94,Croc's Eye Galaxy,ngc4736|pgc43495|ugc7996,,galaxy,Spiral galaxy,G,Canes Venatici,192.72108,41.12044,7.74,6.68,8.24,21.32,leda,94,,1,,NGC4736
m95,M 95 · NGC 3351,M95,,ngc3351|pgc32007|ugc5850,,galaxy,Spiral galaxy,G,Leo,160.99042,11.70381,7.23,4.45,9.77,22.45,leda,95,,1,,NGC3351
m96,M 96 · NGC 3368,M96,,ngc3368|pgc32192|ugc5882,,galaxy,Spiral galaxy,G,Leo,161.69058,11.81994,8.26,5.51,9.21,22.27,leda,96,,1,,NGC3368
m97,M 97 · NGC 3587,M97,Owl Nebula,ngc3587,,planetary-nebula,Planetary nebula,PN,Ursa Major,168.69879,55.01903,3.58,,9.90,21.30,derived,97,,1,,NGC3587
m98,M 98 · NGC 4192,M98,,ngc4192|pgc39028|ugc7231,,galaxy,Spiral galaxy,G,Coma Berenices,183.45121,14.90033,11.04,2.66,10.07,23.14,leda,98,,1,,NGC4192
m99,M 99 · NGC 4254,M99,Coma Pinwheel|Virgo Cluster Pinwheel,ngc4254|pgc39578|ugc7345,,galaxy,Spiral galaxy,G,Coma Berenices,184.70667,14.41650,5.04,4.74,9.84,22.04,leda,99,,1,,NGC4254
m100,M 100 · NGC 4321,M100,,ngc4321|pgc40153|ugc7450,,galaxy,Spiral galaxy,G,Coma Berenices,185.72846,15.82181,6.10,5.62,9.47,22.07,leda,100,,1,,NGC4321
m101,M 101 · NGC 5457,M101,Pinwheel Galaxy,ngc5457|pgc50063|ugc8981,,galaxy,Spiral galaxy,G,Ursa Major,210.80225,54.34894,23.99,23.07,7.90,23.51,leda,101,,1,,NGC5457
m103,M 103 · NGC 581,M103,,ngc581|mwsc124,,open-cluster,Open cluster,OCl,Cassiopeia,23.34088,60.65800,4.50,,7.40,19.29,derived,103,,1,,NGC0581
m104,M 104 · NGC 4594,M104,Sombrero Galaxy,ngc4594|pgc42407|ugca293,,galaxy,Spiral galaxy,G,Virgo,189.99762,-11.62306,8.45,4.91,8.59,21.70,leda,104,,1,,NGC4594
m105,M 105 · NGC 3379,M105,,ngc3379|pgc32256|ugc5902,,galaxy,Elliptical galaxy,G,Leo,161.95663,12.58161,4.89,4.25,9.27,21.58,leda,105,,1,,NGC3379
m106,M 106 · NGC 4258,M106,,ngc4258|pgc39600|ugc7353,,galaxy,Spiral galaxy,G,Canes Venatici,184.73958,47.30397,16.98,7.24,8.55,22.79,leda,106,,1,,NGC4258
m107,M 107 · NGC 6171,M107,,ngc6171|mwsc2422,,globular-cluster,Globular cluster,GCl,Ophiuchus,248.13300,-13.05364,7.80,,8.85,21.94,derived,107,,1,,NGC6171
m108,M 108 · NGC 3556,M108,Surfboard Galaxy,ngc3556|pgc34030|ugc6225,,galaxy,Spiral galaxy,G,Ursa Major,167.87904,55.67411,3.98,1.66,10.05,21.05,leda,108,,1,,NGC3556
m109,M 109 · NGC 3992,M109,,ngc3992|pgc37617|ugc6937,,galaxy,Spiral galaxy,G,Ursa Major,179.39992,53.37453,8.07,5.64,9.88,22.85,leda,109,,1,,NGC3992
m110,M 110 · NGC 205,M110,,ngc205|pgc2429|ugc426,,galaxy,Elliptical galaxy,G,Andromeda,10.09200,41.68531,16.22,9.59,8.15,23.03,leda,110,,1,,NGC0205
ngc24,NGC 24,NGC 24,,eso472-16|pgc701|ugca2,,galaxy,Spiral galaxy,G,Sculptor,2.48558,-24.96314,6.18,2.40,11.52,23.45,leda,,,1,,NGC0024
ngc40,NGC 40 · C 2,NGC 40,Bow-Tie Nebula,c2,,planetary-nebula,Planetary nebula,PN,Cepheus,3.25429,72.52194,0.80,,11.89,20.03,derived,,2,1,,NGC0040
ngc45,NGC 45,NGC 45,,eso473-1|pgc930|ugca4,,galaxy,Spiral galaxy,G,Cetus,3.51662,-23.18208,6.18,4.44,10.44,22.85,leda,,,1,,NGC0045
ngc50,NGC 50,NGC 50,,pgc983,,galaxy,Elliptical galaxy,G,Cetus,3.68571,-7.34508,2.04,1.17,11.84,22.21,leda,,,1,,NGC0050
ngc55,NGC 55 · C 72,NGC 55,,c72|eso293-50|pgc1014,,galaxy,Irregular galaxy,G,Sculptor,3.72333,-39.19664,29.85,3.05,7.94,22.07,leda,,72,1,,NGC0055
ngc57,NGC 57,NGC 57,,pgc1037|ugc145,,galaxy,Elliptical galaxy,G,Pisces,3.87862,17.32853,2.11,1.60,11.65,22.14,leda,,,1,,NGC0057
ngc104,NGC 104 · C 106,NGC 104,47 Tucanae,c106|mwsc38,,globular-cluster,Globular cluster,GCl,Tucana,6.02233,-72.08144,31.80,,4.09,20.23,derived,,106,1,,NGC0104
ngc128,NGC 128,NGC 128,,pgc1791|ugc292,,galaxy,Lenticular galaxy,G,Pisces,7.31275,2.86406,3.16,0.87,11.63,22.77,leda,,,1,,NGC0128
ngc129,NGC 129,NGC 129,,mwsc53,,open-cluster,Open cluster,OCl,Cassiopeia,7.49246,60.21117,5.40,,6.50,18.79,derived,,,1,,NGC0129
ngc134,NGC 134,NGC 134,,eso350-23|pgc1851,,galaxy,Spiral galaxy,G,Sculptor,7.59154,-33.24403,8.38,1.79,10.31,22.53,leda,,,1,,NGC0134
ngc147,NGC 147 · C 17,NGC 147,,c17|pgc2004|ugc326,,galaxy,Elliptical galaxy,G,Cassiopeia,8.30050,48.50875,9.40,5.41,9.72,23.41,leda,,17,1,,NGC0147
ngc150,NGC 150,NGC 150,,eso410-19|pgc2052|ugca7,,galaxy,Spiral galaxy,G,Sculptor,8.56450,-27.80358,3.54,1.60,11.41,22.31,leda,,,1,,NGC0150
ngc151,NGC 151 · NGC 153,NGC 151,,ngc153|pgc2035,,galaxy,Spiral galaxy,G,Cetus,8.51162,-9.70533,3.74,2.31,11.66,22.80,leda,,,1,,NGC0151
ngc157,NGC 157,NGC 157,,pgc2081,,galaxy,Spiral galaxy,G,Cetus,8.69483,-8.39644,3.70,1.90,10.32,21.38,leda,,,1,,NGC0157
ngc185,NGC 185 · C 18,NGC 185,,c18|pgc2329|ugc396,,galaxy,Elliptical galaxy,G,Cassiopeia,9.74154,48.33739,12.94,10.76,9.20,23.63,leda,,18,1,,NGC0185
ngc188,NGC 188 · C 1,NGC 188,,c1|mwsc74,,open-cluster,Open cluster,OCl,Cepheus,11.86471,85.26964,17.70,,8.10,22.97,derived,,1,1,,NGC0188
ngc210,NGC 210,NGC 210,,pgc2437,,galaxy,Spiral galaxy,G,Cetus,10.14592,-13.87281,4.98,3.02,11.12,22.98,leda,,,1,,NGC0210
ngc225,NGC 225,NGC 225,,mwsc68,,open-cluster,Open cluster,OCl,Cassiopeia,10.90158,61.76694,4.20,,7.00,18.74,derived,,,1,,NGC0225
ngc246,NGC 246 · C 56,NGC 246,Skull Nebula,c56,,planetary-nebula,Planetary nebula,PN,Cetus,11.76400,-11.87194,4.08,,10.90,22.58,derived,,56,1,,NGC0246
ngc247,NGC 247 · C 62,NGC 247,,c62|eso540-22|pgc2758|ugca11,,galaxy,Spiral galaxy,G,Cetus,11.78562,-20.76039,19.68,5.55,9.21,23.33,leda,,62,1,,NGC0247
ngc253,NGC 253 · C 65,NGC 253,Sculptor Galaxy|Silver Coin,c65|eso474-29|pgc2789|ugca13,,galaxy,Spiral galaxy,G,Sculptor,11.88800,-25.28822,26.79,4.58,7.37,21.85,leda,,65,1,,NGC0253
ngc254,NGC 254,NGC 254,,eso411-15|pgc2778,,galaxy,Lenticular galaxy,G,Sculptor,11.86504,-31.42175,2.77,1.80,11.67,22.58,leda,,,1,,NGC0254
ngc255,NGC 255,NGC 255,,pgc2802,,galaxy,Spiral galaxy,G,Cetus,11.94712,-11.46869,2.04,1.85,11.93,22.14,leda,,,1,,NGC0255
ngc266,NGC 266,NGC 266,,pgc2901|ugc508,,galaxy,Spiral galaxy,G,Pisces,12.44917,32.27772,2.92,2.83,11.82,22.85,leda,,,1,,NGC0266
ngc278,NGC 278,NGC 278,,pgc3051|ugc528,,galaxy,Spiral galaxy,G,Cassiopeia,13.01796,47.55050,2.36,2.30,10.85,21.44,leda,,,1,,NGC0278
ngc281,NGC 281 · IC 11 · Sh2-184,NGC 281,Pacman Nebula,ic11|lbn616|sh2-184,,emission-nebula,HII region,HII,Cassiopeia,13.24729,56.62189,35.00,30.00,,22.50,typical,,,1,,NGC0281
ngc288,NGC 288,NGC 288,,mwsc84,,globular-cluster,Globular cluster,GCl,Sculptor,13.19771,-26.58989,9.60,,8.13,21.67,derived,,,1,,NGC0288
ngc289,NGC 289,NGC 289,,eso411-25|pgc3089,,galaxy,Spiral galaxy,G,Sculptor,13.17650,-31.20583,3.36,2.51,11.18,22.32,leda,,,1,,NGC0289
ngc292,NGC 292,NGC 292,Small Magellanic Cloud,eso29-21|pgc3085,,galaxy,Irregular galaxy,G,Tucana,13.18658,-72.82861,299.92,179.89,2.30,22.97,leda,,,1,,NGC0292
ngc300,NGC 300 · C 70,NGC 300,,c70|eso295-20|pgc3238,,galaxy,Spiral galaxy,G,Sculptor,13.72283,-37.68439,19.41,13.06,8.20,23.02,leda,,70,1,,NGC0300
ngc315,NGC 315,NGC 315,,pgc3455|ugc597,,galaxy,Elliptical galaxy,G,Pisces,14.45367,30.35244,2.86,2.14,11.60,22.74,leda,,,1,,NGC0315
ngc337,NGC 337,NGC 337,,pgc3572,,galaxy,Spiral galaxy,G,Cetus,14.95871,-7.57797,2.92,1.89,11.48,22.17,leda,,,1,,NGC0337
ngc362,NGC 362 · C 104,NGC 362,,c104|mwsc99,,globular-cluster,Globular cluster,GCl,Tucana,15.80929,-70.84822,8.70,,6.58,19.91,derived,,104,1,,NGC0362
ngc404,NGC 404,NGC 404,,pgc4126|ugc718,,galaxy,Elliptical galaxy,G,Andromeda,17.36258,35.71814,3.40,3.37,10.55,21.97,leda,,,1,,NGC0404
ngc410,NGC 410,NGC 410,,pgc4224|ugc735,,galaxy,Elliptical galaxy,G,Pisces,17.74542,33.15189,2.37,1.60,11.48,22.20,leda,,,1,,NGC0410
ngc419,NGC 419,NGC 419,,eso29-33,,globular-cluster,Globular cluster,GCl,Tucana,17.07154,-72.88350,2.80,2.80,10.50,21.36,derived,,,1,,NGC0419
ngc428,NGC 428,NGC 428,,pgc4367|ugc763,,galaxy,Irregular galaxy,G,Cetus,18.23212,0.98156,2.82,2.08,11.47,22.19,leda,,,1,,NGC0428
ngc436,NGC 436,NGC 436,,mwsc111,,open-cluster,Open cluster,OCl,Cassiopeia,18.99075,58.81711,5.70,,8.80,21.21,derived,,,1,,NGC0436
ngc439,NGC 439,NGC 439,,eso412-18|pgc4423,,galaxy,Elliptical galaxy,G,Sculptor,18.44692,-31.74714,3.38,2.14,11.94,23.29,leda,,,1,,NGC0439
ngc457,NGC 457 · C 13,NGC 457,Owl Cluster|E.T. Cluster,c13|mwsc114,,open-cluster,Open cluster,OCl,Cassiopeia,19.88604,58.29069,7.80,,6.40,19.49,derived,,13,1,,NGC0457
ngc470,NGC 470,NGC 470,,pgc4777|ugc858,,galaxy,Spiral galaxy,G,Pisces,19.93687,3.40994,2.86,1.62,11.79,22.41,leda,,,1,,NGC0470
ngc474,NGC 474,NGC 474,,pgc4801|ugc864,,galaxy,Lenticular galaxy,G,Pisces,20.02787,3.41539,2.65,2.44,11.52,22.40,leda,,,1,,NGC0474
ngc488,NGC 488,NGC 488,,pgc4946|ugc907,,galaxy,Spiral galaxy,G,Pisces,20.44521,5.25672,5.05,3.66,10.26,22.28,leda,,,1,,NGC0488
ngc507,NGC 507,NGC 507,,pgc5098|ugc938,,galaxy,Elliptical galaxy,G,Pisces,20.91629,33.25606,2.45,1.66,11.57,22.25,leda,,,1,,NGC0507
ngc514,NGC 514,NGC 514,,pgc5139|ugc947,,galaxy,Spiral galaxy,G,Pisces,21.01625,12.91739,3.50,2.50,11.71,22.89,leda,,,1,,NGC0514
ngc520,NGC 520,NGC 520,,ngc520-ned01|pgc5193,,galaxy,Spiral galaxy,G,Pisces,21.14367,3.79494,4.09,1.61,11.47,22.80,leda,,,1,,NGC0520 NED01
ngc521,NGC 521,NGC 521,,pgc5190|ugc962,,galaxy,Spiral galaxy,G,Cetus,21.14075,1.73139,2.77,2.59,11.80,22.70,leda,,,1,,NGC0521
ngc524,NGC 524,NGC 524,,pgc5222|ugc968,,galaxy,Lenticular galaxy,G,Pisces,21.19883,9.53883,3.37,3.35,10.35,21.73,leda,,,1,,NGC0524
ngc533,NGC 533,NGC 533,,pgc5283|ugc992,,galaxy,Elliptical galaxy,G,Cetus,21.38067,1.75911,3.44,2.41,11.47,23.01,leda,,,1,,NGC0533
ngc559,NGC 559 · C 8,NGC 559,,c8|mwsc122,,open-cluster,Open cluster,OCl,Cassiopeia,22.38821,63.30144,9.00,,9.50,22.90,derived,,8,1,,NGC0559
ngc578,NGC 578,NGC 578,,eso476-15|pgc5619|ugca18,,galaxy,Spiral galaxy,G,Cetus,22.62121,-22.66736,4.82,2.92,11.09,22.83,leda,,,1,,NGC0578
ngc584,NGC 584 · IC 1712,NGC 584,,ic1712|pgc5663,,galaxy,Elliptical galaxy,G,Cetus,22.83646,-6.86806,3.78,2.51,10.35,22.10,leda,,,1,,NGC0584
ngc596,NGC 596,NGC 596,,pgc5766,,galaxy,Elliptical galaxy,G,Cetus,23.21700,-7.03183,2.14,1.58,10.95,21.46,leda,,,1,,NGC0596
ngc613,NGC 613,NGC 613,,eso413-11|pgc5849,,galaxy,Spiral galaxy,G,Sculptor,23.57571,-29.41836,5.48,4.51,10.35,22.63,leda,,,1,,NGC0613
ngc615,NGC 615,NGC 615,,pgc5897,,galaxy,Spiral galaxy,G,Cetus,23.77367,-7.34031,3.18,1.16,11.66,22.21,leda,,,1,,NGC0615
ngc625,NGC 625,NGC 625,,eso297-5|pgc5896,,galaxy,Irregular galaxy,G,Phoenix,23.76929,-41.43619,6.55,2.05,11.20,22.98,leda,,,1,,NGC0625
ngc636,NGC 636,NGC 636,,pgc6110,,galaxy,Elliptical galaxy,G,Cetus,24.77721,-7.51261,2.70,2.30,11.41,22.44,leda,,,1,,NGC0636
ngc637,NGC 637,NGC 637,,mwsc133,,open-cluster,Open cluster,OCl,Cassiopeia,25.76296,64.03656,4.50,,8.20,20.09,derived,,,1,,NGC0637
ngc654,NGC 654,NGC 654,,mwsc137,,open-cluster,Open cluster,OCl,Cassiopeia,25.99763,61.88272,6.30,,6.50,19.13,derived,,,1,,NGC0654
ngc659,NGC 659,NGC 659,,mwsc138,,open-cluster,Open cluster,OCl,Cassiopeia,26.09579,60.66917,4.20,,7.90,19.64,derived,,,1,,NGC0659
ngc660,NGC 660,NGC 660,,pgc6318|ugc1201,,galaxy,Spiral galaxy,G,Pisces,25.76000,13.64506,4.57,1.69,11.29,22.85,leda,,,1,,NGC0660
ngc663,NGC 663 · C 10,NGC 663,,c10|mwsc139,,open-cluster,Open cluster,OCl,Cassiopeia,26.56687,61.21819,6.00,,7.10,19.62,derived,,10,1,,NGC0663
ngc672,NGC 672,NGC 672,,pgc6595|ugc1256,,galaxy,Spiral galaxy,G,Triangulum,26.97717,27.43278,7.01,2.71,10.92,23.09,leda,,,1,,NGC0672
ngc674,NGC 674 · NGC 697,NGC 674,,ngc697|pgc6848|ugc1317,,galaxy,Spiral galaxy,G,Aries,27.82321,22.35797,3.81,1.26,11.97,22.72,leda,,,1,,NGC0674
ngc676,NGC 676,NGC 676,,pgc6656|ugc1270,,galaxy,Lenticular galaxy,G,Pisces,27.23879,5.90753,2.75,0.69,9.26,20.39,leda,,,1,,NGC0676
ngc681,NGC 681,NGC 681,,pgc6671,,galaxy,Spiral galaxy,G,Cetus,27.29512,-10.42642,2.47,1.77,11.87,22.37,leda,,,1,,NGC0681
ngc685,NGC 685,NGC 685,,eso152-24|pgc6581,,galaxy,Spiral galaxy,G,Eridanus,26.92837,-52.76181,3.01,2.30,11.50,22.40,leda,,,1,,NGC0685
ngc691,NGC 691,NGC 691,,pgc6793|ugc1305,,galaxy,Spiral galaxy,G,Aries,27.67383,21.75992,2.68,1.85,11.73,22.32,leda,,,1,,NGC0691
ngc718,NGC 718,NGC 718,,pgc6993|ugc1356,,galaxy,Spiral galaxy,G,Pisces,28.30542,4.19583,2.75,2.46,11.66,22.54,leda,,,1,,NGC0718
ngc720,NGC 720,NGC 720,,pgc6983,,galaxy,Elliptical galaxy,G,Cetus,28.25208,-13.73867,4.49,2.37,10.14,22.23,leda,,,1,,NGC0720
ngc741,NGC 741 · IC 1751,NGC 741,,ic1751|pgc7252|ugc1413,,galaxy,Elliptical galaxy,G,Pisces,29.08763,5.62894,2.83,2.33,11.26,22.38,leda,,,1,,NGC0741
ngc744,NGC 744,NGC 744,,mwsc153,,open-cluster,Open cluster,OCl,Perseus,29.62467,55.47461,11.70,,7.90,21.87,derived,,,1,,NGC0744
ngc752,NGC 752 · C 28,NGC 752,,c28|mwsc151,,open-cluster,Open cluster,OCl,Andromeda,29.39508,37.83339,39.00,,5.70,22.28,derived,,28,1,,NGC0752
ngc772,NGC 772,NGC 772,,pgc7525|ugc1466,,galaxy,Spiral galaxy,G,Aries,29.83158,19.00753,4.57,2.52,10.30,21.91,leda,,,1,,NGC0772
ngc777,NGC 777,NGC 777,,pgc7584|ugc1476,,galaxy,Elliptical galaxy,G,Triangulum,30.06208,31.42958,2.75,2.06,11.46,22.52,leda,,,1,,NGC0777
ngc784,NGC 784,NGC 784,,pgc7671|ugc1501,,galaxy,Spiral galaxy,G,Triangulum,30.32054,28.83725,4.17,1.07,11.73,22.39,leda,,,1,,NGC0784
ngc821,NGC 821,NGC 821,,pgc8160|ugc1631,,galaxy,Elliptical galaxy,G,Aries,32.08808,10.99492,2.45,2.10,10.77,21.59,leda,,,1,,NGC0821
ngc864,NGC 864,NGC 864,,pgc8631|ugc1736,,galaxy,Spiral galaxy,G,Cetus,33.86517,6.00261,3.72,2.57,11.07,22.36,leda,,,1,,NGC0864
ngc869,NGC 869,NGC 869,h Persei Cluster,mwsc175,,open-cluster,Open cluster,OCl,Perseus,34.74400,57.11725,14.40,,3.70,18.12,derived,,,1,,NGC0869
ngc884,NGC 884,NGC 884,Chi Persei Cluster,mwsc184,,open-cluster,Open cluster,OCl,Perseus,35.63375,57.14411,10.50,,3.80,17.53,derived,,,1,,NGC0884
ngc891,NGC 891 · C 23,NGC 891,,c23|pgc9031|ugc1831,,galaxy,Spiral galaxy,G,Andromeda,35.63921,42.34914,13.03,3.03,10.01,23.34,leda,,23,1,,NGC0891
ngc895,NGC 895,NGC 895,,pgc8974,,galaxy,Spiral galaxy,G,Cetus,35.40196,-5.52139,3.32,2.22,11.77,22.77,leda,,,1,,NGC0895
ngc896,NGC 896,NGC 896,,,,emission-nebula,Nebula,Neb,Cassiopeia,36.36592,62.01936,10.00,10.00,,22.50,typical,,,1,,NGC0896
ngc897,NGC 897,NGC 897,,eso355-7|pgc8944,,galaxy,Spiral galaxy,G,Fornax,35.27654,-33.72067,2.01,1.43,11.85,21.94,leda,,,1,,NGC0897
ngc908,NGC 908,NGC 908,,eso545-11|pgc9057|ugca29,,galaxy,Spiral galaxy,G,Cetus,35.76904,-21.23386,6.14,2.82,10.31,22.35,leda,,,1,,NGC0908
ngc922,NGC 922,NGC 922,,eso478-28|pgc9172|ugca30,,galaxy,Spiral galaxy,G,Fornax,36.26842,-24.78817,2.10,1.77,12.00,22.20,leda,,,1,,NGC0922
ngc925,NGC 925,NGC 925,,pgc9332|ugc1913,,galaxy,Spiral galaxy,G,Triangulum,36.82033,33.57917,10.72,5.75,10.12,23.47,leda,,,1,,NGC0925
ngc936,NGC 936,NGC 936,,pgc9359|ugc1929,,galaxy,Lenticular galaxy,G,Cetus,36.90608,-1.15628,4.44,3.18,10.23,22.18,leda,,,1,,NGC0936
ngc949,NGC 949,NGC 949,,pgc9566|ugc1983,,galaxy,Spiral galaxy,G,Triangulum,37.70271,37.13678,3.10,1.35,11.89,22.48,leda,,,1,,NGC0949
ngc955,NGC 955,NGC 955,,pgc9549|ugc1986,,galaxy,Spiral galaxy,G,Cetus,37.63813,-1.10842,2.72,0.88,11.96,22.22,leda,,,1,,NGC0955
ngc956,NGC 956,NGC 956,,mwsc208,,open-cluster,Open cluster,OCl,Andromeda,38.12875,44.59347,4.50,,8.90,20.79,derived,,,1,,NGC0956
ngc957,NGC 957,NGC 957,,mwsc211,,open-cluster,Open cluster,OCl,Perseus,38.32929,57.56969,10.20,,7.60,21.27,derived,,,1,,NGC0957
ngc972,NGC 972,NGC 972,,pgc9788|ugc2045,,galaxy,Spiral galaxy,G,Aries,38.55575,29.31128,3.31,1.61,11.33,22.23,leda,,,1,,NGC0972
ngc986,NGC 986,NGC 986,,eso299-7|pgc9747,,galaxy,Spiral galaxy,G,Fornax,38.39312,-39.04506,3.77,3.03,10.91,22.41,leda,,,1,,NGC0986
ngc988,NGC 988,NGC 988,,pgc9843|ugca35,,galaxy,Spiral galaxy,G,Cetus,38.86563,-9.35619,4.33,1.73,10.37,21.52,leda,,,1,,NGC0988
ngc1003,NGC 1003,NGC 1003,,pgc10052|ugc2137,,galaxy,Spiral galaxy,G,Perseus,39.82037,40.87231,3.47,0.83,11.51,21.76,leda,,,1,,NGC1003
ngc1016,NGC 1016,NGC 1016,,pgc9997|ugc2128,,galaxy,Elliptical galaxy,G,Cetus,39.58150,2.11925,2.26,1.36,11.64,22.25,leda,,,1,,NGC1016
ngc1022,NGC 1022,NGC 1022,,pgc10010,,galaxy,Spiral galaxy,G,Cetus,39.63629,-6.67742,2.60,1.50,11.35,21.90,leda,,,1,,NGC1022
ngc1023,NGC 1023,NGC 1023,,pgc10123|ugc2154,,galaxy,Elliptical galaxy,G,Perseus,40.10004,39.06328,7.40,3.06,8.61,21.64,leda,,,1,,NGC1023
ngc1027,NGC 1027 · IC 1824,NGC 1027,,ic1824|mwsc225,,open-cluster,Open cluster,OCl,Cassiopeia,40.64608,61.59436,7.80,,6.70,19.79,derived,,,1,,NGC1027
ngc1032,NGC 1032,NGC 1032,,pgc10060|ugc2147,,galaxy,Lenticular galaxy,G,Cetus,39.84850,1.09378,3.58,0.86,11.67,22.77,leda,,,1,,NGC1032
ngc1042,NGC 1042,NGC 1042,,pgc10122,,galaxy,Spiral galaxy,G,Cetus,40.09987,-8.43356,3.87,2.13,11.22,22.40,leda,,,1,,NGC1042
ngc1052,NGC 1052,NGC 1052,,pgc10175,,galaxy,Elliptical galaxy,G,Cetus,40.27000,-8.25578,2.94,2.07,11.04,22.24,leda,,,1,,NGC1052
ngc1055,NGC 1055,NGC 1055,,pgc10208|ugc2173,,galaxy,Spiral galaxy,G,Cetus,40.43846,0.44317,6.92,3.53,10.60,23.06,leda,,,1,,NGC1055
ngc1058,NGC 1058,NGC 1058,,pgc10314|ugc2193,,galaxy,Spiral galaxy,G,Perseus,40.87500,37.34133,2.47,1.36,11.25,21.45,leda,,,1,,NGC1058
ngc1060,NGC 1060,NGC 1060,,pgc10302|ugc2191,,galaxy,Elliptical galaxy,G,Triangulum,40.81271,32.42497,2.36,1.75,11.82,22.42,leda,,,1,,NGC1060
ngc1073,NGC 1073,NGC 1073,,pgc10329|ugc2210,,galaxy,Spiral galaxy,G,Cetus,40.91883,1.37611,3.54,2.23,11.05,22.15,leda,,,1,,NGC1073
ngc1079,NGC 1079,NGC 1079,,eso416-13|pgc10330,,galaxy,Spiral galaxy,G,Fornax,40.93475,-29.00336,2.65,1.49,11.44,22.11,leda,,,1,,NGC1079
ngc1084,NGC 1084,NGC 1084,,pgc10464,,galaxy,Spiral galaxy,G,Eridanus,41.49963,-7.57847,3.40,2.25,10.60,21.66,leda,,,1,,NGC1084
ngc1087,NGC 1087,NGC 1087,,pgc10496|ugc2245,,galaxy,Spiral galaxy,G,Cetus,41.60483,-0.49864,2.97,1.80,11.02,21.70,leda,,,1,,NGC1087
ngc1090,NGC 1090,NGC 1090,,pgc10507|ugc2247,,galaxy,Spiral galaxy,G,Cetus,41.64142,-0.24717,3.31,1.46,11.97,22.69,leda,,,1,,NGC1090
ngc1097,NGC 1097 · C 67,NGC 1097,,c67|eso416-20|pgc10488|ugca41,,galaxy,Spiral galaxy,G,Fornax,41.57937,-30.27489,10.57,6.44,9.76,23.25,leda,,67,1,,NGC1097
ngc1156,NGC 1156,NGC 1156,,pgc11329|ugc2455,,galaxy,Irregular galaxy,G,Aries,44.92625,25.23783,2.96,2.34,11.63,22.53,leda,,,1,,NGC1156
ngc1161,NGC 1161,NGC 1161,,pgc11404|ugc2474,,galaxy,Lenticular galaxy,G,Perseus,45.30888,44.89733,2.69,1.84,11.23,22.10,leda,,,1,,NGC1161
ngc1169,NGC 1169,NGC 1169,,pgc11521|ugc2503,,galaxy,Spiral galaxy,G,Perseus,45.89479,46.38636,3.31,1.95,11.41,22.38,leda,,,1,,NGC1169
ngc1172,NGC 1172,NGC 1172,,pgc11420,,galaxy,Elliptical galaxy,G,Eridanus,45.40021,-14.83658,2.28,1.64,11.75,22.39,leda,,,1,,NGC1172
ngc1174,NGC 1174 · NGC 1186,NGC 1174,,ngc1186|pgc11617|ugc2521,,galaxy,Spiral galaxy,G,Perseus,46.37858,42.83550,3.58,1.43,11.78,22.56,leda,,,1,,NGC1174
ngc1179,NGC 1179,NGC 1179,,eso547-1|pgc11480|ugca48,,galaxy,Spiral galaxy,G,Eridanus,45.66033,-18.89778,3.67,2.51,12.00,23.23,leda,,,1,,NGC1179
ngc1187,NGC 1187,NGC 1187,,eso480-23|pgc11479|ugca49,,galaxy,Spiral galaxy,G,Eridanus,45.65662,-22.86717,4.14,3.02,10.92,22.48,leda,,,1,,NGC1187
ngc1199,NGC 1199,NGC 1199,,pgc11527,,galaxy,Elliptical galaxy,G,Eridanus,45.91004,-15.61319,2.83,2.32,11.43,22.55,leda,,,1,,NGC1199
ngc1201,NGC 1201,NGC 1201,,eso480-28|pgc11559,,galaxy,Elliptical galaxy,G,Fornax,46.03325,-26.06964,3.41,1.96,10.81,22.19,leda,,,1,,NGC1201
ngc1209,NGC 1209,NGC 1209,,pgc11638,,galaxy,Elliptical galaxy,G,Eridanus,46.51258,-15.61125,2.25,0.94,11.38,21.94,leda,,,1,,NGC1209
ngc1232,NGC 1232,NGC 1232,,eso547-14|pgc11819,,galaxy,Spiral galaxy,G,Eridanus,47.43962,-20.57931,6.79,5.77,10.11,22.88,leda,,,1,,NGC1232
ngc1245,NGC 1245,NGC 1245,,mwsc264,,open-cluster,Open cluster,OCl,Perseus,48.67275,47.23869,11.40,,8.40,22.31,derived,,,1,,NGC1245
ngc1249,NGC 1249,NGC 1249,,eso155-6|pgc11836,,galaxy,Spiral galaxy,G,Horologium,47.50512,-53.33575,3.64,1.44,11.77,22.53,leda,,,1,,NGC1249
ngc1253,NGC 1253,NGC 1253,,pgc12041|ugca62,,galaxy,Spiral galaxy,G,Eridanus,48.53771,-2.82294,4.57,1.86,11.78,23.06,leda,,,1,,NGC1253
ngc1255,NGC 1255,NGC 1255,,eso481-13|pgc12007|ugca60,,galaxy,Spiral galaxy,G,Fornax,48.38350,-25.72517,4.05,2.24,11.17,22.48,leda,,,1,,NGC1255
ngc1261,NGC 1261 · C 87,NGC 1261,,c87|mwsc263,,globular-cluster,Globular cluster,GCl,Horologium,48.06392,-55.21681,5.10,,8.63,20.80,derived,,87,1,,NGC1261
ngc1269,NGC 1269 · NGC 1291,NGC 1269,,ngc1291|eso301-2|pgc12209,,galaxy,Lenticular galaxy,G,Eridanus,49.32746,-41.10806,11.17,9.93,8.70,22.64,leda,,,1,,NGC1269
ngc1272,NGC 1272,NGC 1272,,pgc12384|ugc2662,,galaxy,Elliptical galaxy,G,Perseus,49.83871,41.49064,2.55,1.25,11.88,22.73,leda,,,1,,NGC1272
ngc1275,NGC 1275 · C 24,NGC 1275,Perseus A,c24|pgc12429|ugc2669,,galaxy,Lenticular galaxy,G,Perseus,49.95067,41.51169,2.16,1.45,12.24,22.63,leda,,24,1,,NGC1275
ngc1300,NGC 1300,NGC 1300,,eso547-31|pgc12412|ugca66,,galaxy,Spiral galaxy,G,Eridanus,49.92117,-19.41136,5.96,3.06,10.52,22.61,leda,,,1,,NGC1300
ngc1302,NGC 1302,NGC 1302,,eso481-20|pgc12431,,galaxy,Lenticular galaxy,G,Fornax,49.96325,-26.06044,4.27,3.90,10.63,22.50,leda,,,1,,NGC1302
ngc1309,NGC 1309,NGC 1309,,pgc12626,,galaxy,Spiral galaxy,G,Eridanus,50.52733,-15.40006,2.39,2.24,11.58,22.16,leda,,,1,,NGC1309
ngc1313,NGC 1313,NGC 1313,,eso82-11|pgc12286,,galaxy,Spiral galaxy,G,Reticulum,49.56687,-66.49825,11.07,9.14,9.08,22.87,leda,,,1,,NGC1313
ngc1316,NGC 1316,NGC 1316,Fornax A,eso357-22|pgc12651,,galaxy,Lenticular galaxy,G,Fornax,50.67383,-37.20822,13.46,7.71,8.48,22.84,leda,,,1,,NGC1316
ngc1317,NGC 1317 · NGC 1318,NGC 1317,Fornax B,ngc1318|eso357-23|pgc12653,,galaxy,Spiral galaxy,G,Fornax,50.68454,-37.10369,3.10,2.58,10.88,21.99,leda,,,1,,NGC1317
ngc1325,NGC 1325,NGC 1325,,eso548-7|pgc12737|ugca70,,galaxy,Spiral galaxy,G,Eridanus,51.10654,-21.54403,4.32,1.50,11.54,22.65,leda,,,1,,NGC1325
ngc1326,NGC 1326,NGC 1326,,eso357-26|pgc12709,,galaxy,Lenticular galaxy,G,Fornax,50.98500,-36.46467,4.28,2.93,10.45,22.31,leda,,,1,,NGC1326
ngc1332,NGC 1332,NGC 1332,,eso548-18|pgc12838|ugca72,,galaxy,Elliptical galaxy,G,Eridanus,51.57188,-21.33522,5.31,3.84,10.36,22.71,leda,,,1,,NGC1332
ngc1333,NGC 1333,NGC 1333,,lbn741|mwsc279,,cluster-nebula,Cluster with nebula,Cl+N,Perseus,52.23000,31.37000,19.50,,,22.50,typical,,,1,,NGC1333
ngc1337,NGC 1337,NGC 1337,,pgc12916,,galaxy,Spiral galaxy,G,Eridanus,52.02483,-8.38861,4.94,1.31,11.87,22.97,leda,,,1,,NGC1337
ngc1339,NGC 1339,NGC 1339,,eso418-4|pgc12917,,galaxy,Elliptical galaxy,G,Fornax,52.02742,-32.28611,2.01,1.47,11.75,22.11,leda,,,1,,NGC1339
ngc1340,NGC 1340 · NGC 1344,NGC 1340,,ngc1344|eso418-5|pgc12923,,galaxy,Elliptical galaxy,G,Fornax,52.08196,-31.06817,5.12,3.12,10.37,22.75,leda,,,1,,NGC1340
ngc1342,NGC 1342,NGC 1342,,mwsc283,,open-cluster,Open cluster,OCl,Perseus,52.91717,37.37939,6.30,,6.70,19.33,derived,,,1,,NGC1342
ngc1350,NGC 1350,NGC 1350,,eso358-13|pgc13059,,galaxy,Spiral galaxy,G,Fornax,52.78383,-33.62864,5.18,2.60,10.31,22.22,leda,,,1,,NGC1350
ngc1351,NGC 1351,NGC 1351,,eso358-12|pgc13028,,galaxy,Elliptical galaxy,G,Fornax,52.64575,-34.85394,3.40,2.20,11.46,22.84,leda,,,1,,NGC1351
ngc1353,NGC 1353,NGC 1353,,eso548-31|pgc13108|ugca76,,galaxy,Spiral galaxy,G,Eridanus,53.01258,-20.81917,3.64,1.47,11.46,22.35,leda,,,1,,NGC1353
ngc1357,NGC 1357,NGC 1357,,pgc13166,,galaxy,Spiral galaxy,G,Eridanus,53.32117,-13.66414,3.37,2.55,11.44,22.64,leda,,,1,,NGC1357
ngc1360,NGC 1360,NGC 1360,,eso482-7,,planetary-nebula,Planetary nebula,PN,Fornax,53.31104,-25.87172,6.42,,9.40,22.07,derived,,,1,,NGC1360
ngc1365,NGC 1365,NGC 1365,Great Barred Spiral Galaxy,eso358-17|pgc13179,,galaxy,Spiral galaxy,G,Fornax,53.40154,-36.14039,12.02,6.14,9.61,23.26,leda,,,1,,NGC1365
ngc1366,NGC 1366,NGC 1366,,eso418-10|pgc13197,,galaxy,Lenticular galaxy,G,Fornax,53.47367,-31.19411,2.05,0.94,11.91,22.15,leda,,,1,,NGC1366
ngc1367,NGC 1367 · NGC 1371,NGC 1367,,ngc1371|eso482-10|pgc13255|ugca79,,galaxy,Spiral galaxy,G,Fornax,53.75558,-24.93322,4.88,3.26,10.66,22.64,leda,,,1,,NGC1367
ngc1374,NGC 1374,NGC 1374,,eso358-23|pgc13267,,galaxy,Elliptical galaxy,G,Fornax,53.81913,-35.22625,2.86,2.65,11.14,22.29,leda,,,1,,NGC1374
ngc1379,NGC 1379,NGC 1379,,eso358-27|pgc13299,,galaxy,Elliptical galaxy,G,Fornax,54.01646,-35.44119,2.66,2.55,11.02,22.02,leda,,,1,,NGC1379
ngc1380,NGC 1380,NGC 1380,,eso358-28|pgc13318,,galaxy,Lenticular galaxy,G,Fornax,54.11496,-34.97622,4.58,2.22,9.94,21.95,leda,,,1,,NGC1380
ngc1381,NGC 1381,NGC 1381,,eso358-29|pgc13321,,galaxy,Lenticular galaxy,G,Fornax,54.13200,-35.29519,2.54,0.96,11.47,22.17,leda,,,1,,NGC1381
ngc1385,NGC 1385,NGC 1385,,eso482-16|pgc13368,,galaxy,Spiral galaxy,G,Fornax,54.37021,-24.50031,3.40,2.13,11.03,22.03,leda,,,1,,NGC1385
ngc1386,NGC 1386,NGC 1386,,eso358-35|pgc13333,,galaxy,Lenticular galaxy,G,Eridanus,54.19242,-35.99942,3.59,1.35,11.17,22.60,leda,,,1,,NGC1386
ngc1387,NGC 1387,NGC 1387,,eso358-36|pgc13344,,galaxy,Elliptical galaxy,G,Fornax,54.23775,-35.50664,3.01,2.89,10.75,21.90,leda,,,1,,NGC1387
ngc1389,NGC 1389,NGC 1389,,eso358-38|pgc13360,,galaxy,Elliptical galaxy,G,Eridanus,54.29908,-35.74558,2.58,1.43,11.51,22.28,leda,,,1,,NGC1389
ngc1395,NGC 1395,NGC 1395,,eso482-19|pgc13419,,galaxy,Elliptical galaxy,G,Eridanus,54.62396,-23.02753,4.71,3.97,9.65,21.88,leda,,,1,,NGC1395
ngc1398,NGC 1398,NGC 1398,,eso482-22|pgc13434,,galaxy,Spiral galaxy,G,Fornax,54.71721,-26.33783,6.95,4.91,9.55,22.28,leda,,,1,,NGC1398
ngc1399,NGC 1399,NGC 1399,,eso358-45|pgc13418,,galaxy,Elliptical galaxy,G,Fornax,54.62096,-35.45067,8.51,7.69,9.40,22.93,leda,,,1,,NGC1399
ngc1400,NGC 1400,NGC 1400,,eso548-62|pgc13470,,galaxy,Elliptical galaxy,G,Eridanus,54.87850,-18.68808,2.81,2.52,11.06,22.18,leda,,,1,,NGC1400
ngc1404,NGC 1404,NGC 1404,,eso358-46|pgc13433,,galaxy,Elliptical galaxy,G,Eridanus,54.71633,-35.59439,5.01,4.38,9.93,22.30,leda,,,1,,NGC1404
ngc1406,NGC 1406,NGC 1406,,eso418-15|pgc13458|ugca83,,galaxy,Spiral galaxy,G,Fornax,54.84708,-31.32142,4.50,0.90,11.82,22.60,leda,,,1,,NGC1406
ngc1407,NGC 1407,NGC 1407,,eso548-67|pgc13505,,galaxy,Elliptical galaxy,G,Eridanus,55.04942,-18.58011,5.73,5.27,9.65,22.32,leda,,,1,,NGC1407
ngc1411,NGC 1411 · IC 1943,NGC 1411,,ic1943|eso249-11|pgc13429,,galaxy,Elliptical galaxy,G,Horologium,54.68696,-44.10061,2.45,1.76,11.19,21.88,leda,,,1,,NGC1411
ngc1415,NGC 1415 · IC 1983,NGC 1415,,ic1983|eso482-33|pgc13544,,galaxy,Lenticular galaxy,G,Eridanus,55.23692,-22.56447,3.74,1.51,11.53,22.82,leda,,,1,,NGC1415
ngc1421,NGC 1421,NGC 1421,,pgc13620,,galaxy,Spiral galaxy,G,Eridanus,55.62200,-13.48803,3.55,0.75,11.52,21.88,leda,,,1,,NGC1421
ngc1425,NGC 1425,NGC 1425,,eso419-4|pgc13602|ugca84,,galaxy,Spiral galaxy,G,Fornax,55.54779,-29.89333,4.91,2.15,10.70,22.30,leda,,,1,,NGC1425
ngc1426,NGC 1426,NGC 1426,,eso549-1|pgc13638,,galaxy,Elliptical galaxy,G,Eridanus,55.70463,-22.10836,2.86,1.92,11.47,22.60,leda,,,1,,NGC1426
ngc1427,NGC 1427,NGC 1427,,eso358-52|pgc13609,,galaxy,Elliptical galaxy,G,Fornax,55.58092,-35.39256,4.33,2.87,10.88,22.90,leda,,,1,,NGC1427
ngc1432,NGC 1432,NGC 1432,Maia Nebula,lbn771,,reflection-nebula,Reflection nebula,RfN,Taurus,56.45662,24.36786,60.00,40.00,,22.50,typical,,,1,,NGC1432
ngc1433,NGC 1433,NGC 1433,,eso249-14|pgc13586,,galaxy,Spiral galaxy,G,Horologium,55.50646,-47.22208,6.19,2.96,9.95,22.26,leda,,,1,,NGC1433
ngc1435,NGC 1435,NGC 1435,Merope Nebula,,,reflection-nebula,Reflection nebula,RfN,Taurus,56.54204,23.76497,30.00,30.00,,22.50,typical,,,1,,NGC1435
ngc1436,NGC 1436 · NGC 1437,NGC 1436,,ngc1437|eso358-58|pgc13687,,galaxy,Spiral galaxy,G,Eridanus,55.90450,-35.85303,2.97,2.08,11.69,22.56,leda,,,1,,NGC1436
ngc1439,NGC 1439,NGC 1439,,eso549-9|pgc13738,,galaxy,Elliptical galaxy,G,Eridanus,56.20813,-21.92056,2.96,2.83,11.39,22.62,leda,,,1,,NGC1439
ngc1440,NGC 1440 · NGC 1442,NGC 1440,,ngc1442|eso549-10|pgc13752,,galaxy,Lenticular galaxy,G,Eridanus,56.26213,-18.26603,2.62,1.99,11.63,22.45,leda,,,1,,NGC1440
ngc1444,NGC 1444,NGC 1444,,mwsc308,,open-cluster,Open cluster,OCl,Perseus,57.37033,52.65533,3.60,,6.60,18.01,derived,,,1,,NGC1444
ngc1448,NGC 1448 · NGC 1457,NGC 1448,,ngc1457|eso249-16|pgc13727,,galaxy,Spiral galaxy,G,Horologium,56.13300,-44.64483,8.02,1.53,10.94,22.83,leda,,,1,,NGC1448
ngc1452,NGC 1452 · NGC 1455,NGC 1452,,ngc1455|eso549-12|pgc13765,,galaxy,Lenticular galaxy,G,Eridanus,56.34296,-18.63364,2.39,1.76,11.84,22.37,leda,,,1,,NGC1452
ngc1453,NGC 1453,NGC 1453,,pgc13814,,galaxy,Elliptical galaxy,G,Eridanus,56.61354,-3.96878,2.46,1.87,11.41,22.23,leda,,,1,,NGC1453
ngc1461,NGC 1461,NGC 1461,,pgc13881,,galaxy,Lenticular galaxy,G,Eridanus,57.11308,-16.39289,2.90,0.85,11.81,22.79,leda,,,1,,NGC1461
ngc1487,NGC 1487,NGC 1487,,ngc1487-ned01|pgc14117,,galaxy,Irregular galaxy,G,Eridanus,58.93904,-42.36769,2.34,2.04,11.45,21.89,leda,,,1,,NGC1487 NED01
ngc1487-ned02,NGC 1487 NED02,NGC 1487 NED02,,pgc14121,,galaxy,Galaxy,G,Eridanus,58.94654,-42.36858,3.72,1.70,11.68,22.59,leda,,,1,,NGC1487 NED02
ngc1491,NGC 1491,NGC 1491,,lbn704,,emission-nebula,HII region,HII,Perseus,60.80650,51.31608,9.00,6.00,,22.50,typical,,,1,,NGC1491
ngc1493,NGC 1493,NGC 1493,,eso249-33|pgc14163,,galaxy,Spiral galaxy,G,Horologium,59.36429,-46.21069,3.44,3.18,11.44,22.80,leda,,,1,,NGC1493
ngc1494,NGC 1494,NGC 1494,,eso201-12|pgc14169,,galaxy,Spiral galaxy,G,Horologium,59.42875,-48.90808,3.51,1.86,11.95,22.86,leda,,,1,,NGC1494
ngc1499,NGC 1499 · Sh2-220,NGC 1499,California Nebula,lbn756|sh2-220,,emission-nebula,Nebula,Neb,Perseus,60.81008,36.36747,160.00,40.00,5.00,23.14,derived,,,1,,NGC1499
ngc1501,NGC 1501,NGC 1501,,,,planetary-nebula,Planetary nebula,PN,Camelopardalis,61.74737,60.92069,0.87,,11.50,19.83,derived,,,1,,NGC1501
ngc1502,NGC 1502,NGC 1502,,mwsc343,,open-cluster,Open cluster,OCl,Camelopardalis,61.95542,62.33153,10.20,,6.90,20.57,derived,,,1,,NGC1502
ngc1511,NGC 1511,NGC 1511,,eso55-4|pgc14236,,galaxy,Spiral galaxy,G,Hydrus,59.90408,-67.63425,3.66,1.47,11.30,22.34,leda,,,1,,NGC1511
ngc1512,NGC 1512,NGC 1512,,eso250-4|pgc14391,,galaxy,Spiral galaxy,G,Horologium,60.97617,-43.34886,8.43,4.02,10.37,23.38,leda,,,1,,NGC1512
ngc1513,NGC 1513,NGC 1513,,mwsc346,,open-cluster,Open cluster,OCl,Perseus,62.47792,49.51728,5.10,,8.40,20.57,derived,,,1,,NGC1513
ngc1514,NGC 1514,NGC 1514,Crystal Ball Nebula,,,planetary-nebula,Planetary nebula,PN,Taurus,62.32063,30.77592,2.20,,10.19,20.53,derived,,,1,,NGC1514
ngc1515,NGC 1515,NGC 1515,,eso156-36|pgc14397,,galaxy,Spiral galaxy,G,Dorado,61.01133,-54.10006,5.50,1.26,10.99,22.33,leda,,,1,,NGC1515
ngc1518,NGC 1518,NGC 1518,,eso550-7|pgc14475,,galaxy,Spiral galaxy,G,Eridanus,61.70717,-21.17264,3.47,1.30,11.79,22.37,leda,,,1,,NGC1518
ngc1521,NGC 1521,NGC 1521,,eso550-11|pgc14520,,galaxy,Elliptical galaxy,G,Eridanus,62.07887,-21.05197,3.25,2.02,11.57,22.97,leda,,,1,,NGC1521
ngc1527,NGC 1527,NGC 1527,,eso201-20|pgc14526,,galaxy,Elliptical galaxy,G,Horologium,62.10058,-47.89703,4.58,1.79,10.80,22.77,leda,,,1,,NGC1527
ngc1528,NGC 1528,NGC 1528,,mwsc353,,open-cluster,Open cluster,OCl,Perseus,63.82863,51.21147,9.60,,6.40,19.94,derived,,,1,,NGC1528
ngc1532,NGC 1532,NGC 1532,,eso359-27|pgc14638,,galaxy,Spiral galaxy,G,Eridanus,63.01804,-32.87422,11.27,3.09,10.13,23.25,leda,,,1,,NGC1532
ngc1533,NGC 1533,NGC 1533,,eso157-3|pgc14582,,galaxy,Elliptical galaxy,G,Dorado,62.46600,-56.11844,3.27,2.04,10.65,21.94,leda,,,1,,NGC1533
ngc1535,NGC 1535,NGC 1535,,,,planetary-nebula,Planetary nebula,PN,Eridanus,63.56571,-12.73939,0.85,,9.60,17.88,derived,,,1,,NGC1535
ngc1537,NGC 1537,NGC 1537,,eso420-12|pgc14695,,galaxy,Elliptical galaxy,G,Eridanus,63.41962,-31.64542,4.35,2.76,10.72,22.75,leda,,,1,,NGC1537
ngc1543,NGC 1543,NGC 1543,,eso118-10|pgc14659,,galaxy,Lenticular galaxy,G,Reticulum,63.18021,-57.73797,3.66,0.86,10.58,22.04,leda,,,1,,NGC1543
ngc1545,NGC 1545,NGC 1545,,mwsc369,,open-cluster,Open cluster,OCl,Perseus,65.23442,50.25533,4.20,,6.20,17.94,derived,,,1,,NGC1545
ngc1546,NGC 1546,NGC 1546,,eso157-12|pgc14723,,galaxy,Lenticular galaxy,G,Dorado,63.65225,-56.06081,3.72,2.50,11.35,22.88,leda,,,1,,NGC1546
ngc1549,NGC 1549,NGC 1549,,eso157-16|pgc14757,,galaxy,Elliptical galaxy,G,Dorado,63.93804,-55.59225,5.09,4.35,9.75,22.15,leda,,,1,,NGC1549
ngc1553,NGC 1553,NGC 1553,,eso157-17|pgc14765,,galaxy,Lenticular galaxy,G,Dorado,64.04362,-55.78014,6.25,4.29,9.31,22.02,leda,,,1,,NGC1553
ngc1555,NGC 1555 · Sh2-238,NGC 1555,Hind's Nebula|Hind's Variable Nebula,sh2-238,,reflection-nebula,Reflection nebula,RfN,Taurus,65.49762,19.53517,1.82,1.35,,22.50,typical,,,1,,NGC1555
ngc1559,NGC 1559,NGC 1559,,eso84-10|pgc14814,,galaxy,Spiral galaxy,G,Reticulum,64.39904,-62.78367,4.19,2.18,10.60,21.90,leda,,,1,,NGC1559
ngc1560,NGC 1560,NGC 1560,,pgc15488|ugc3060,,galaxy,Spiral galaxy,G,Camelopardalis,68.20454,71.88311,8.30,1.68,11.50,23.46,leda,,,1,,NGC1560
ngc1566,NGC 1566,NGC 1566,,eso157-20|pgc14897,,galaxy,Spiral galaxy,G,Dorado,65.00175,-54.93781,7.23,5.00,9.73,22.47,leda,,,1,,NGC1566
ngc1569,NGC 1569,NGC 1569,,pgc15345|ugc3056,,galaxy,Irregular galaxy,G,Camelopardalis,67.70442,64.84794,3.91,2.16,11.11,22.28,leda,,,1,,NGC1569
ngc1574,NGC 1574,NGC 1574,,eso157-22|pgc14965,,galaxy,Elliptical galaxy,G,Reticulum,65.49508,-56.97475,4.13,2.32,10.24,22.04,leda,,,1,,NGC1574
ngc1579,NGC 1579 · Sh2-222,NGC 1579,,lbn767|mwsc385|sh2-222,,cluster-nebula,Cluster with nebula,Cl+N,Perseus,67.55750,35.26944,10.20,,,22.50,typical,,,1,,NGC1579
ngc1582,NGC 1582,NGC 1582,,mwsc388,,open-cluster,Open cluster,OCl,Perseus,67.94496,43.78483,7.80,,7.00,20.09,derived,,,1,,NGC1582
ngc1587,NGC 1587,NGC 1587,,pgc15332|ugc3063,,galaxy,Elliptical galaxy,G,Taurus,67.66642,0.66158,2.08,1.48,11.70,22.15,leda,,,1,,NGC1587
ngc1589,NGC 1589,NGC 1589,,pgc15342|ugc3065,,galaxy,Spiral galaxy,G,Taurus,67.68933,0.86367,3.06,0.98,11.81,22.27,leda,,,1,,NGC1589
ngc1596,NGC 1596,NGC 1596,,eso157-31|pgc15153,,galaxy,Lenticular galaxy,G,Dorado,66.90879,-55.02781,3.87,1.02,11.14,22.72,leda,,,1,,NGC1596
ngc1600,NGC 1600,NGC 1600,,pgc15406,,galaxy,Elliptical galaxy,G,Eridanus,67.91642,-5.08625,3.33,2.02,10.97,22.42,leda,,,1,,NGC1600
ngc1617,NGC 1617,NGC 1617,,eso157-41|pgc15405,,galaxy,Spiral galaxy,G,Dorado,67.91471,-54.60228,5.24,2.50,10.37,22.36,leda,,,1,,NGC1617
ngc1624,NGC 1624,NGC 1624,,lbn722|mwsc408,,cluster-nebula,Cluster with nebula,Cl+N,Perseus,70.15208,50.46167,3.00,,,22.50,typical,,,1,,NGC1624
ngc1637,NGC 1637,NGC 1637,,pgc15821|ugca93,,galaxy,Spiral galaxy,G,Eridanus,70.36742,-2.85797,3.18,2.74,10.85,21.97,leda,,,1,,NGC1637
ngc1640,NGC 1640,NGC 1640,,eso551-27|pgc15850,,galaxy,Spiral galaxy,G,Eridanus,70.56050,-20.43478,2.72,2.60,11.69,22.56,leda,,,1,,NGC1640
ngc1647,NGC 1647,NGC 1647,,mwsc416,,open-cluster,Open cluster,OCl,Taurus,71.48154,19.09511,27.00,,6.40,22.19,derived,,,1,,NGC1647
ngc1650,NGC 1650,NGC 1650,,pgc15931,,galaxy,Elliptical galaxy,G,Eridanus,71.29796,-15.87003,2.40,1.13,11.96,22.98,leda,,,1,,NGC1650
ngc1662,NGC 1662,NGC 1662,,mwsc425,,open-cluster,Open cluster,OCl,Orion,72.12062,10.93039,13.80,,6.40,20.73,derived,,,1,,NGC1662
ngc1664,NGC 1664,NGC 1664,,mwsc430,,open-cluster,Open cluster,OCl,Auriga,72.77263,43.67617,11.40,,7.60,21.51,derived,,,1,,NGC1664
ngc1672,NGC 1672,NGC 1672,,eso118-43|pgc15941,,galaxy,Spiral galaxy,G,Dorado,71.42708,-59.24719,6.14,5.46,9.59,22.18,leda,,,1,,NGC1672
ngc1679,NGC 1679,NGC 1679,,eso422-1|pgc16120|ugca96,,galaxy,Irregular galaxy,G,Caelum,72.47767,-31.96467,3.07,2.23,11.62,22.58,leda,,,1,,NGC1679
ngc1688,NGC 1688,NGC 1688,,eso119-6|pgc16050,,galaxy,Spiral galaxy,G,Dorado,72.09913,-59.80033,2.47,1.67,11.53,21.90,leda,,,1,,NGC1688
ngc1700,NGC 1700,NGC 1700,,pgc16386,,galaxy,Elliptical galaxy,G,Eridanus,74.23462,-4.86578,3.11,1.98,11.16,22.47,leda,,,1,,NGC1700
ngc1703,NGC 1703,NGC 1703,,eso119-19|pgc16234,,galaxy,Spiral galaxy,G,Dorado,73.21729,-59.74225,2.68,2.51,11.69,22.52,leda,,,1,,NGC1703
ngc1726,NGC 1726,NGC 1726,,pgc16508,,galaxy,Lenticular galaxy,G,Eridanus,74.92458,-7.75525,2.90,1.82,11.65,22.68,leda,,,1,,NGC1726
ngc1744,NGC 1744,NGC 1744,,eso486-5|pgc16517,,galaxy,Spiral galaxy,G,Lepus,74.99083,-26.02222,5.28,1.99,11.14,22.66,leda,,,1,,NGC1744
ngc1746,NGC 1746,NGC 1746,,mwsc461,,open-cluster,Open cluster,OCl,Taurus,75.95913,23.76764,18.00,,6.10,21.00,derived,,,1,,NGC1746
ngc1755,NGC 1755,NGC 1755,,eso56-28,,globular-cluster,Globular cluster,GCl,Dorado,73.81196,-68.20406,2.20,1.90,9.85,20.03,derived,,,1,,NGC1755
ngc1760,NGC 1760,NGC 1760,,eso85-19,,emission-nebula,HII region,HII,Dorado,74.18488,-66.52733,5.10,2.10,,22.50,typical,,,1,,NGC1760
ngc1763,NGC 1763,NGC 1763,,,,cluster-nebula,Cluster with nebula,Cl+N,Dorado,74.20496,-66.40908,5.20,3.60,,22.50,typical,,,1,,NGC1763
ngc1769,NGC 1769,NGC 1769,,eso85-23,,emission-nebula,Emission nebula,EmN,Dorado,74.44737,-66.46908,4.10,2.60,,22.50,typical,,,1,,NGC1769
ngc1770,NGC 1770,NGC 1770,,,,cluster-nebula,Cluster with nebula,Cl+N,Dorado,74.31546,-68.41808,4.10,4.10,,22.50,typical,,,1,,NGC1770
ngc1778,NGC 1778,NGC 1778,,mwsc472,,open-cluster,Open cluster,OCl,Auriga,77.02375,37.02283,4.50,,7.70,19.59,derived,,,1,,NGC1778
ngc1783,NGC 1783,NGC 1783,,eso85-29,,globular-cluster,Globular cluster,GCl,Dorado,74.78671,-65.98728,5.30,4.70,10.93,23.05,derived,,,1,,NGC1783
ngc1784,NGC 1784,NGC 1784,,pgc16716,,galaxy,Spiral galaxy,G,Lepus,76.36292,-11.87153,4.00,1.79,11.60,22.70,leda,,,1,,NGC1784
ngc1786,NGC 1786,NGC 1786,,eso56-39,,globular-cluster,Globular cluster,GCl,Dorado,74.78258,-67.74522,2.00,2.00,9.38,19.51,derived,,,1,,NGC1786
ngc1788,NGC 1788,NGC 1788,,lbn916,,reflection-nebula,Reflection nebula,RfN,Orion,76.72175,-3.34097,2.00,2.00,,22.50,typical,,,1,,NGC1788
ngc1792,NGC 1792,NGC 1792,,eso305-0|eso305-6|pgc16709,,galaxy,Spiral galaxy,G,Columba,76.31021,-37.98075,5.52,2.76,10.16,22.07,leda,,,1,,NGC1792
ngc1806,NGC 1806,NGC 1806,,eso56-47,,globular-cluster,Globular cluster,GCl,Dorado,75.55154,-67.98575,2.50,2.50,10.38,21.00,derived,,,1,,NGC1806
ngc1807,NGC 1807,NGC 1807,,mwsc479,,open-cluster,Open cluster,OCl,Taurus,77.68762,16.51275,5.40,,7.00,19.29,derived,,,1,,NGC1807
ngc1808,NGC 1808,NGC 1808,,eso305-8|pgc16779,,galaxy,Spiral galaxy,G,Columba,76.92642,-37.51306,5.42,1.83,10.21,22.12,leda,,,1,,NGC1808
ngc1817,NGC 1817,NGC 1817,,mwsc484,,open-cluster,Open cluster,OCl,Taurus,78.10946,16.68408,9.30,,7.70,21.17,derived,,,1,,NGC1817
ngc1818,NGC 1818,NGC 1818,,eso85-40,,globular-cluster,Globular cluster,GCl,Dorado,76.06150,-66.43450,3.10,2.70,8.98,19.92,derived,,,1,,NGC1818
ngc1832,NGC 1832,NGC 1832,,pgc16906,,galaxy,Spiral galaxy,G,Lepus,78.01387,-15.68781,2.46,0.94,11.07,21.03,leda,,,1,,NGC1832
ngc1835,NGC 1835,NGC 1835,,eso56-58,,globular-cluster,Globular cluster,GCl,Dorado,76.27742,-69.40386,2.30,2.00,10.60,20.89,derived,,,1,,NGC1835
ngc1850,NGC 1850,NGC 1850,,eso56-70,,globular-cluster,Globular cluster,GCl,Dorado,77.18638,-68.76167,3.00,3.00,8.96,19.97,derived,,,1,,NGC1850
ngc1851,NGC 1851 · C 73,NGC 1851,,c73|mwsc489,,globular-cluster,Globular cluster,GCl,Columba,78.52804,-40.04661,9.00,,7.23,20.63,derived,,73,1,,NGC1851
ngc1854,NGC 1854,NGC 1854,,eso56-72,,globular-cluster,Globular cluster,GCl,Dorado,77.33288,-68.84736,2.30,2.30,10.39,20.83,derived,,,1,,NGC1854
ngc1856,NGC 1856,NGC 1856,,eso56-73,,globular-cluster,Globular cluster,GCl,Dorado,77.37238,-69.12758,2.70,2.40,10.06,20.72,derived,,,1,,NGC1856
ngc1857,NGC 1857,NGC 1857,,mwsc505,,open-cluster,Open cluster,OCl,Auriga,80.02317,39.34361,4.50,,7.00,18.89,derived,,,1,,NGC1857
ngc1858,NGC 1858,NGC 1858,,,,cluster-nebula,Cluster with nebula,Cl+N,Dorado,77.46642,-68.89125,4.40,2.60,,22.50,typical,,,1,,NGC1858
ngc1866,NGC 1866,NGC 1866,,eso85-52,,globular-cluster,Globular cluster,GCl,Dorado,78.41292,-65.46558,5.50,5.50,9.73,22.06,derived,,,1,,NGC1866
ngc1871,NGC 1871,NGC 1871,,,,cluster-nebula,Cluster with nebula,Cl+N,Dorado,78.46567,-67.45264,2.30,1.60,,22.50,typical,,,1,,NGC1871
ngc1873,NGC 1873,NGC 1873,,,,cluster-nebula,Cluster with nebula,Cl+N,Dorado,78.48196,-67.33436,2.80,2.20,,22.50,typical,,,1,,NGC1873
ngc1888,NGC 1888,NGC 1888,,pgc17195,,galaxy,Spiral galaxy,G,Lepus,80.64354,-11.49953,3.32,1.31,11.92,22.51,leda,,,1,,NGC1888
ngc1893,NGC 1893,NGC 1893,,mwsc516,,open-cluster,Open cluster,OCl,Auriga,80.68392,33.41203,6.00,,7.50,20.02,derived,,,1,,NGC1893
ngc1907,NGC 1907,NGC 1907,,mwsc552,,open-cluster,Open cluster,OCl,Auriga,82.01896,35.32567,5.40,,8.20,20.49,derived,,,1,,NGC1907
ngc1909,NGC 1909 · IC 2118,NGC 1909,Witch Head Nebula,ic2118|lbn959,,reflection-nebula,Reflection nebula,RfN,Eridanus,76.23100,-7.26564,180.00,60.00,,22.50,typical,,,1,,NGC1909
ngc1910,NGC 1910,NGC 1910,,eso56-99,,cluster-nebula,Cluster with nebula,Cl+N,Dorado,79.67946,-69.23192,3.60,2.80,,22.50,typical,,,1,,NGC1910
ngc1916,NGC 1916,NGC 1916,,eso56-98,,globular-cluster,Globular cluster,GCl,Dorado,79.65196,-69.40681,2.10,2.10,10.38,20.62,derived,,,1,,NGC1916
ngc1918,NGC 1918,NGC 1918,,,,supernova-remnant,Supernova remnant,SNR,Dorado,79.77912,-69.66244,3.90,1.70,,23.00,typical,,,1,,NGC1918
ngc1931,NGC 1931 · Sh2-237,NGC 1931,,lbn810|mwsc564|sh2-237,,cluster-nebula,Cluster with nebula,Cl+N,Auriga,82.85563,34.24656,4.80,,,22.50,typical,,,1,,NGC1931
ngc1934,NGC 1934,NGC 1934,,,,cluster-nebula,Cluster with nebula,Cl+N,Dorado,80.44954,-67.93717,1.90,1.30,,22.50,typical,,,1,,NGC1934
ngc1945,NGC 1945,NGC 1945,,eso85-83,,emission-nebula,Emission nebula,EmN,Dorado,81.22900,-66.45747,10.00,6.00,,22.50,typical,,,1,,NGC1945
ngc1947,NGC 1947,NGC 1947,,eso85-87|pgc17296,,galaxy,Elliptical galaxy,G,Dorado,81.69838,-63.76003,3.48,3.18,10.47,21.93,leda,,,1,,NGC1947
ngc1948,NGC 1948,NGC 1948,,,,cluster-nebula,Cluster with nebula,Cl+N,Dorado,81.44267,-66.26681,7.00,5.70,,22.50,typical,,,1,,NGC1948
ngc1955,NGC 1955,NGC 1955,,,,emission-nebula,HII region,HII,Dorado,81.54150,-67.49739,4.00,3.60,,22.50,typical,,,1,,NGC1955
ngc1961,NGC 1961 · IC 2133,NGC 1961,,ic2133|pgc17625|ugc3334,,galaxy,Spiral galaxy,G,Camelopardalis,85.51938,69.37844,4.42,3.10,11.04,22.72,leda,,,1,,NGC1961
ngc1964,NGC 1964,NGC 1964,,eso554-10|pgc17436,,galaxy,Spiral galaxy,G,Lepus,83.34067,-21.94578,5.16,2.33,10.91,22.63,leda,,,1,,NGC1964
ngc1973,NGC 1973,NGC 1973,,,,emission-nebula,Nebula,Neb,Orion,83.76992,-4.73178,5.00,5.00,,22.50,typical,,,1,,NGC1973
ngc1975,NGC 1975,NGC 1975,,,,reflection-nebula,Reflection nebula,RfN,Orion,83.82450,-4.68522,10.00,5.00,,22.50,typical,,,1,,NGC1975
ngc1977,NGC 1977 · Sh2-279,NGC 1977,Running Man Nebula,mwsc587|sh2-279,,cluster-nebula,Cluster with nebula,Cl+N,Orion,83.81583,-4.84433,20.00,10.00,,22.50,typical,,,1,,NGC1977
ngc1978,NGC 1978,NGC 1978,,eso85-90,,globular-cluster,Globular cluster,GCl,Dorado,82.18804,-66.23592,4.00,2.70,10.70,21.91,derived,,,1,,NGC1978
ngc1980,NGC 1980,NGC 1980,Lower Sword,lbn977|mwsc586,,cluster-nebula,Cluster with nebula,Cl+N,Orion,83.85829,-5.90989,9.30,,,22.50,typical,,,1,,NGC1980
ngc1981,NGC 1981,NGC 1981,Upper Sword,mwsc579,,cluster-nebula,Cluster with nebula,Cl+N,Orion,83.78996,-4.42506,9.00,,,22.50,typical,,,1,,NGC1981
ngc1999,NGC 1999,NGC 1999,,lbn979,,reflection-nebula,Reflection nebula,RfN,Orion,84.10563,-6.71586,2.00,2.00,,22.50,typical,,,1,,NGC1999
ngc2002,NGC 2002,NGC 2002,,,,globular-cluster,Globular cluster,GCl,Dorado,82.58625,-66.88500,1.90,1.70,10.84,20.74,derived,,,1,,NGC2002
ngc2004,NGC 2004,NGC 2004,,eso86-4,,globular-cluster,Globular cluster,GCl,Dorado,82.67812,-67.28644,3.00,2.80,8.88,19.82,derived,,,1,,NGC2004
ngc2014,NGC 2014,NGC 2014,,,,emission-nebula,Nebula,Neb,Dorado,83.08279,-67.68983,5.10,3.50,,22.50,typical,,,1,,NGC2014
ngc2018,NGC 2018,NGC 2018,,eso56-141,,emission-nebula,HII region,HII,Mensa,82.85371,-71.06906,2.80,1.70,10.89,21.21,derived,,,1,,NGC2018
ngc2019,NGC 2019,NGC 2019,,eso56-145,,globular-cluster,Globular cluster,GCl,Mensa,82.98608,-70.15958,1.50,1.50,10.86,20.37,derived,,,1,,NGC2019
ngc2020,NGC 2020,NGC 2020,,,,emission-nebula,Emission nebula,EmN,Dorado,83.30246,-67.71589,3.20,2.90,,22.50,typical,,,1,,NGC2020
ngc2022,NGC 2022,NGC 2022,,,,planetary-nebula,Planetary nebula,PN,Orion,85.52588,9.08653,0.32,,11.60,17.75,derived,,,1,,NGC2022
ngc2023,NGC 2023,NGC 2023,,lbn954,,reflection-nebula,Reflection nebula,RfN,Orion,85.40996,-2.25903,10.00,8.00,,22.50,typical,,,1,,NGC2023
ngc2024,NGC 2024 · Sh2-277,NGC 2024,Flame Nebula,sh2-277,,emission-nebula,Nebula,Neb,Orion,85.42737,-1.85628,30.00,30.00,,22.50,typical,,,1,,NGC2024
ngc2031,NGC 2031,NGC 2031,,eso56-153,,globular-cluster,Globular cluster,GCl,Mensa,83.42425,-70.98678,3.30,2.80,10.83,21.87,derived,,,1,,NGC2031
ngc2035,NGC 2035,NGC 2035,,,,emission-nebula,Nebula,Neb,Dorado,83.88000,-67.58417,1.80,1.30,,22.50,typical,,,1,,NGC2035
ngc2041,NGC 2041,NGC 2041,,eso86-15,,globular-cluster,Globular cluster,GCl,Dorado,84.11687,-66.98978,2.60,2.60,10.36,21.06,derived,,,1,,NGC2041
ngc2052,NGC 2052,NGC 2052,,eso56-176,,emission-nebula,Nebula,Neb,Dorado,84.29604,-69.77419,18.00,12.00,,22.50,typical,,,1,,NGC2052
ngc2060,NGC 2060,NGC 2060,,,,supernova-remnant,Supernova remnant,SNR,Dorado,84.44542,-69.17167,2.20,2.00,,23.00,typical,,,1,,NGC2060
ngc2064,NGC 2064,NGC 2064,,lbn939,,reflection-nebula,Reflection nebula,RfN,Orion,86.57662,0.00594,10.00,10.00,,22.50,typical,,,1,,NGC2064
ngc2067,NGC 2067,NGC 2067,,,,reflection-nebula,Reflection nebula,RfN,Orion,86.63283,0.13125,8.00,3.00,,22.50,typical,,,1,,NGC2067
ngc2069,NGC 2069,NGC 2069,,eso57-7,,emission-nebula,Nebula,Neb,Dorado,84.69350,-68.97439,5.00,2.20,10.10,21.33,derived,,,1,,NGC2069
ngc2070,NGC 2070 · C 103,NGC 2070,Tarantula Nebula|30 Dor Cluster,c103,,emission-nebula,HII region,HII,Dorado,84.67650,-69.10089,16.00,16.00,7.25,21.90,derived,,103,1,,NGC2070
ngc2071,NGC 2071,NGC 2071,,lbn938|mwsc665,,cluster-nebula,Cluster with nebula,Cl+N,Orion,86.78025,0.29425,7.00,5.00,,22.50,typical,,,1,,NGC2071
ngc2074,NGC 2074,NGC 2074,,,,cluster-nebula,Cluster with nebula,Cl+N,Dorado,84.76492,-69.49811,4.00,3.40,,22.50,typical,,,1,,NGC2074
ngc2078,NGC 2078,NGC 2078,,eso57-10,,emission-nebula,Emission nebula,EmN,Dorado,84.91438,-69.74317,1.20,1.10,,22.50,typical,,,1,,NGC2078
ngc2080,NGC 2080,NGC 2080,,eso57-12,,emission-nebula,HII region,HII,Dorado,84.94092,-69.64411,1.70,1.50,,22.50,typical,,,1,,NGC2080
ngc2081,NGC 2081,NGC 2081,,,,cluster-nebula,Cluster with nebula,Cl+N,Dorado,84.99746,-69.40589,8.50,6.00,,22.50,typical,,,1,,NGC2081
ngc2083,NGC 2083,NGC 2083,,,,emission-nebula,Nebula,Neb,Dorado,84.99675,-69.73758,2.00,1.80,,22.50,typical,,,1,,NGC2083
ngc2089,NGC 2089,NGC 2089,,eso554-36|pgc17860,,galaxy,Elliptical galaxy,G,Lepus,86.96429,-17.60239,2.20,1.08,11.99,22.50,leda,,,1,,NGC2089
ngc2090,NGC 2090,NGC 2090,,eso363-23|pgc17819,,galaxy,Spiral galaxy,G,Columba,86.75787,-34.25061,4.47,1.67,10.92,22.13,leda,,,1,,NGC2090
ngc2100,NGC 2100,NGC 2100,,eso57-25,,globular-cluster,Globular cluster,GCl,Dorado,85.53779,-69.21183,2.50,2.50,8.88,19.50,derived,,,1,,NGC2100
ngc2103,NGC 2103,NGC 2103,,,,emission-nebula,HII region,HII,Mensa,85.41813,-71.33314,4.00,3.50,10.82,22.31,derived,,,1,,NGC2103
ngc2122,NGC 2122,NGC 2122,,,,cluster-nebula,Cluster with nebula,Cl+N,Mensa,87.21879,-70.07008,6.00,5.00,,22.50,typical,,,1,,NGC2122
ngc2129,NGC 2129,NGC 2129,,mwsc704,,open-cluster,Open cluster,OCl,Gemini,90.27725,23.32217,3.90,,6.70,18.28,derived,,,1,,NGC2129
ngc2134,NGC 2134,NGC 2134,,eso57-47,,globular-cluster,Globular cluster,GCl,Mensa,87.99042,-71.09758,2.80,2.80,10.33,21.19,derived,,,1,,NGC2134
ngc2136,NGC 2136,NGC 2136,,eso57-48,,globular-cluster,Globular cluster,GCl,Dorado,88.24062,-69.49275,2.80,2.50,10.70,21.44,derived,,,1,,NGC2136
ngc2139,NGC 2139 · IC 2154,NGC 2139,,ic2154|eso488-54|pgc18258,,galaxy,Spiral galaxy,G,Lepus,90.28254,-23.67264,2.94,2.16,11.66,22.48,leda,,,1,,NGC2139
ngc2146,NGC 2146,NGC 2146,,pgc18797|ugc3429,,galaxy,Spiral galaxy,G,Camelopardalis,94.65712,78.35703,5.31,4.32,9.78,22.01,leda,,,1,,NGC2146
ngc2149,NGC 2149,NGC 2149,,,,reflection-nebula,Reflection nebula,RfN,Monoceros,90.87829,-9.73058,3.00,2.00,,22.50,typical,,,1,,NGC2149
ngc2157,NGC 2157,NGC 2157,,eso57-58,,globular-cluster,Globular cluster,GCl,Dorado,89.39492,-69.19722,2.80,2.80,10.16,21.02,derived,,,1,,NGC2157
ngc2158,NGC 2158,NGC 2158,,mwsc733,,open-cluster,Open cluster,OCl,Gemini,91.85671,24.09617,8.40,,8.60,21.85,derived,,,1,,NGC2158
ngc2163,NGC 2163,NGC 2163,,lbn855,,reflection-nebula,Reflection nebula,RfN,Orion,91.95642,18.65744,3.00,2.00,,22.50,typical,,,1,,NGC2163
ngc2164,NGC 2164,NGC 2164,,eso57-62,,globular-cluster,Globular cluster,GCl,Dorado,89.73442,-68.51589,2.80,2.80,10.34,21.20,derived,,,1,,NGC2164
ngc2169,NGC 2169,NGC 2169,,mwsc740,,open-cluster,Open cluster,OCl,Orion,92.10146,13.96486,7.20,,5.90,18.82,derived,,,1,,NGC2169
ngc2174,NGC 2174 · Sh2-252,NGC 2174,Monkey Head Nebula,sh2-252,,emission-nebula,Nebula,Neb,Orion,92.34842,20.65958,40.00,30.00,,22.50,typical,,,1,,NGC2174
ngc2175,NGC 2175,NGC 2175,,lbn854|mwsc764,,cluster-nebula,Cluster with nebula,Cl+N,Orion,92.41479,20.48758,5.40,,,22.50,typical,,,1,,NGC2175
ngc2180,NGC 2180,NGC 2180,,mwsc765,,open-cluster,Open cluster,OCl,Orion,92.40104,4.71161,4.20,,8.63,20.37,derived,,,1,,NGC2180
ngc2182,NGC 2182,NGC 2182,,lbn998,,reflection-nebula,Reflection nebula,RfN,Monoceros,92.37896,-6.32644,3.00,2.00,,22.50,typical,,,1,,NGC2182
ngc2183,NGC 2183,NGC 2183,,lbn996|mwsc779,,emission-nebula,HII region,HII,Monoceros,92.69554,-6.21183,12.00,,,22.50,typical,,,1,,NGC2183
ngc2186,NGC 2186,NGC 2186,,mwsc787,,open-cluster,Open cluster,OCl,Orion,93.02971,5.45858,4.20,,8.70,20.44,derived,,,1,,NGC2186
ngc2188,NGC 2188,NGC 2188,,eso364-37|pgc18536,,galaxy,Irregular galaxy,G,Columba,92.53971,-34.10619,5.42,1.33,11.67,22.84,leda,,,1,,NGC2188
ngc2194,NGC 2194,NGC 2194,,mwsc803,,open-cluster,Open cluster,OCl,Orion,93.44129,12.80667,8.70,,8.50,21.83,derived,,,1,,NGC2194
ngc2196,NGC 2196,NGC 2196,,eso556-4|pgc18602|ugca121,,galaxy,Spiral galaxy,G,Lepus,93.04021,-21.80594,2.77,2.16,11.19,22.01,leda,,,1,,NGC2196
ngc2204,NGC 2204,NGC 2204,,mwsc822,,open-cluster,Open cluster,OCl,Canis Major,93.88425,-18.66586,6.30,,8.60,21.23,derived,,,1,,NGC2204
ngc2207,NGC 2207,NGC 2207,,eso556-8|pgc18749|ugca124,,galaxy,Spiral galaxy,G,Canis Major,94.09179,-21.37267,4.86,2.71,11.06,22.77,leda,,,1,,NGC2207
ngc2210,NGC 2210,NGC 2210,,eso57-71,,globular-cluster,Globular cluster,GCl,Dorado,92.88067,-69.12139,3.30,3.30,10.94,22.16,derived,,,1,,NGC2210
ngc2215,NGC 2215,NGC 2215,,mwsc843,,open-cluster,Open cluster,OCl,Monoceros,95.20521,-7.28378,8.40,,8.45,21.70,derived,,,1,,NGC2215
ngc2217,NGC 2217,NGC 2217,,eso489-42|pgc18883,,galaxy,Lenticular galaxy,G,Canis Major,95.41575,-27.23375,4.63,4.12,10.57,22.63,leda,,,1,,NGC2217
ngc2223,NGC 2223,NGC 2223,,eso489-49|pgc18978|ugca129,,galaxy,Spiral galaxy,G,Canis Major,96.14963,-22.83825,2.82,2.25,11.87,22.68,leda,,,1,,NGC2223
ngc2232,NGC 2232,NGC 2232,,mwsc861,,open-cluster,Open cluster,OCl,Monoceros,97.00471,-4.84744,9.90,,3.90,17.51,derived,,,1,,NGC2232
ngc2236,NGC 2236,NGC 2236,,mwsc881,,open-cluster,Open cluster,OCl,Monoceros,97.41542,6.83069,5.40,,8.50,20.79,derived,,,1,,NGC2236
ngc2237,NGC 2237 · NGC 2238 · C 49 · Sh2-275,NGC 2237,Rosette Nebula,ngc2238|c49|lbn948|sh2-275,,emission-nebula,HII region,HII,Monoceros,97.98150,4.94294,80.00,60.00,6.00,23.83,derived,,49,1,,NGC2237
ngc2239,NGC 2239 · NGC 2244 · C 50,NGC 2239,,ngc2244|c50|mwsc896,,cluster-nebula,Cluster with nebula,Cl+N,Monoceros,97.98150,4.94294,9.30,,,22.50,typical,,50,1,,NGC2239
ngc2245,NGC 2245,NGC 2245,,lbn904,,reflection-nebula,Reflection nebula,RfN,Monoceros,98.17188,10.15664,2.00,2.00,,22.50,typical,,,1,,NGC2245
ngc2246,NGC 2246,NGC 2246,Rosette B,,,emission-nebula,Nebula,Neb,Monoceros,98.14083,5.12828,10.00,10.00,,22.50,typical,,,1,,NGC2246
ngc2247,NGC 2247,NGC 2247,,lbn901,,reflection-nebula,Reflection nebula,RfN,Monoceros,98.27167,10.32225,2.00,2.00,,22.50,typical,,,1,,NGC2247
ngc2250,NGC 2250,NGC 2250,,mwsc905,,open-cluster,Open cluster,OCl,Monoceros,98.45783,-5.08444,5.10,,8.90,21.07,derived,,,1,,NGC2250
ngc2251,NGC 2251,NGC 2251,,mwsc916,,open-cluster,Open cluster,OCl,Monoceros,98.66033,8.36639,5.70,,7.30,19.71,derived,,,1,,NGC2251
ngc2252,NGC 2252,NGC 2252,,mwsc911,,open-cluster,Open cluster,OCl,Monoceros,98.67904,5.36625,6.60,,7.70,20.43,derived,,,1,,NGC2252
ngc2258,NGC 2258,NGC 2258,,pgc19622|ugc3523,,galaxy,Lenticular galaxy,G,Camelopardalis,101.94083,74.48167,3.02,1.91,11.87,22.99,leda,,,1,,NGC2258
ngc2261,NGC 2261 · C 46,NGC 2261,Hubble's Nebula,c46|lbn920,,reflection-nebula,Reflection nebula,RfN,Monoceros,99.78963,8.74433,2.00,1.00,,22.50,typical,,46,1,,NGC2261
ngc2264,NGC 2264 · Sh2-273,NGC 2264,Christmas Tree Cluster|Cone Nebula,lbn911|mwsc954|sh2-273,,cluster-nebula,Cluster with nebula,Cl+N,Monoceros,100.24271,9.89547,40.00,40.00,,22.50,typical,,,1,,NGC2264
ngc2268,NGC 2268,NGC 2268,,pgc20458|ugc3653,,galaxy,Spiral galaxy,G,Camelopardalis,108.57267,84.38228,2.14,0.93,11.56,21.31,leda,,,1,,NGC2268
ngc2272,NGC 2272,NGC 2272,,eso490-33|pgc19466,,galaxy,Elliptical galaxy,G,Canis Major,100.67208,-27.45950,2.19,1.54,11.94,22.37,leda,,,1,,NGC2272
ngc2273,NGC 2273,NGC 2273,,pgc19688|ugc3546,,galaxy,Spiral galaxy,G,Lynx,102.53608,60.84581,2.29,1.39,11.87,22.18,leda,,,1,,NGC2273
ngc2276,NGC 2276,NGC 2276,,pgc21039|ugc3740,,galaxy,Spiral galaxy,G,Cepheus,111.80983,85.75456,2.23,1.73,11.50,21.77,leda,,,1,,NGC2276
ngc2280,NGC 2280,NGC 2280,,eso427-2|pgc19531|ugca131,,galaxy,Spiral galaxy,G,Canis Major,101.20462,-27.63861,6.53,2.84,10.49,22.60,leda,,,1,,NGC2280
ngc2281,NGC 2281,NGC 2281,,mwsc989,,open-cluster,Open cluster,OCl,Auriga,102.07433,41.07886,10.80,,5.40,19.20,derived,,,1,,NGC2281
ngc2282,NGC 2282 · IC 2172,NGC 2282,,ic2172,,reflection-nebula,Reflection nebula,RfN,Monoceros,101.71488,1.31600,3.00,3.00,,22.50,typical,,,1,,NGC2282
ngc2286,NGC 2286,NGC 2286,,mwsc987,,open-cluster,Open cluster,OCl,Monoceros,101.91737,-3.14767,5.40,,7.50,19.79,derived,,,1,,NGC2286
ngc2292,NGC 2292,NGC 2292,,eso490-48|pgc19617,,galaxy,Lenticular galaxy,G,Canis Major,101.91521,-26.74625,4.34,3.78,10.93,22.86,leda,,,1,,NGC2292
ngc2293,NGC 2293,NGC 2293,,eso490-49|pgc19619,,galaxy,Lenticular galaxy,G,Canis Major,101.92879,-26.75436,4.41,3.44,11.04,22.98,leda,,,1,,NGC2293
ngc2298,NGC 2298,NGC 2298,,eso366-22|mwsc992,,globular-cluster,Globular cluster,GCl,Puppis,102.24667,-36.00531,4.80,,8.89,20.92,derived,,,1,,NGC2298
ngc2299,NGC 2299 · NGC 2302,NGC 2299,,ngc2302|mwsc1001,,open-cluster,Open cluster,OCl,Monoceros,102.97367,-7.08272,4.80,,8.90,20.93,derived,,,1,,NGC2299
ngc2300,NGC 2300,NGC 2300,,pgc21231|ugc3798,,galaxy,Elliptical galaxy,G,Cepheus,113.08321,85.70950,3.05,2.34,11.16,22.31,leda,,,1,,NGC2300
ngc2301,NGC 2301,NGC 2301,Great Bird Cluster,mwsc1000,,open-cluster,Open cluster,OCl,Monoceros,102.93875,0.45919,10.20,,6.00,19.67,derived,,,1,,NGC2301
ngc2310,NGC 2310,NGC 2310,,eso309-7|pgc19811,,galaxy,Lenticular galaxy,G,Puppis,103.47483,-40.86261,4.52,0.95,11.05,22.95,leda,,,1,,NGC2310
ngc2316,NGC 2316,NGC 2316,,,,emission-nebula,Nebula,Neb,Monoceros,104.92021,-7.77775,4.00,3.00,,22.50,typical,,,1,,NGC2316
ngc2324,NGC 2324,NGC 2324,,mwsc1084,,open-cluster,Open cluster,OCl,Monoceros,106.03317,1.04461,8.70,,8.40,21.73,derived,,,1,,NGC2324
ngc2325,NGC 2325,NGC 2325,,eso427-28|pgc20047,,galaxy,Elliptical galaxy,G,Canis Major,105.66833,-28.69722,3.97,2.31,11.18,23.01,leda,,,1,,NGC2325
ngc2331,NGC 2331,NGC 2331,,mwsc1103,,open-cluster,Open cluster,OCl,Gemini,106.74929,27.26158,4.80,,8.50,20.53,derived,,,1,,NGC2331
ngc2335,NGC 2335,NGC 2335,,mwsc1100,,open-cluster,Open cluster,OCl,Monoceros,106.70604,-10.02864,8.70,,7.20,20.53,derived,,,1,,NGC2335
ngc2336,NGC 2336,NGC 2336,,pgc21033|ugc3809,,galaxy,Spiral galaxy,G,Camelopardalis,111.76687,80.17808,5.01,2.81,10.68,22.47,leda,,,1,,NGC2336
ngc2339,NGC 2339,NGC 2339,,pgc20222|ugc3693,,galaxy,Spiral galaxy,G,Gemini,107.08558,18.78025,2.42,1.53,11.76,22.06,leda,,,1,,NGC2339
ngc2340,NGC 2340,NGC 2340,,pgc20338|ugc3720,,galaxy,Elliptical galaxy,G,Lynx,107.79513,50.17475,3.16,1.64,11.73,23.05,leda,,,1,,NGC2340
ngc2343,NGC 2343,NGC 2343,,mwsc1119,,open-cluster,Open cluster,OCl,Monoceros,107.02833,-10.61681,7.50,,6.70,19.70,derived,,,1,,NGC2343
ngc2345,NGC 2345,NGC 2345,,mwsc1120,,open-cluster,Open cluster,OCl,Canis Major,107.07829,-13.19375,6.90,,7.70,20.52,derived,,,1,,NGC2345
ngc2346,NGC 2346,NGC 2346,,,,planetary-nebula,Planetary nebula,PN,Monoceros,107.34588,-0.80914,0.87,,11.60,19.93,derived,,,1,,NGC2346
ngc2353,NGC 2353,NGC 2353,,mwsc1152,,open-cluster,Open cluster,OCl,Monoceros,108.62629,-10.26586,6.60,,7.10,19.83,derived,,,1,,NGC2353
ngc2354,NGC 2354,NGC 2354,,mwsc1148,,open-cluster,Open cluster,OCl,Canis Major,108.52196,-25.68892,4.80,,6.50,18.53,derived,,,1,,NGC2354
ngc2359,NGC 2359 · Sh2-298,NGC 2359,Thor's Helmet,lbn1041|sh2-298,,emission-nebula,HII region,HII,Canis Major,109.62908,-13.22719,10.00,5.00,,22.50,typical,,,1,,NGC2359
ngc2360,NGC 2360 · C 58,NGC 2360,Caroline's Cluster,c58|mwsc1165,,open-cluster,Open cluster,OCl,Canis Major,109.42967,-15.64131,9.00,,7.20,20.60,derived,,58,1,,NGC2360
ngc2362,NGC 2362 · C 64,NGC 2362,,c64|mwsc1173,,open-cluster,Open cluster,OCl,Canis Major,109.67279,-24.95419,7.20,,4.10,17.02,derived,,64,1,,NGC2362
ngc2366,NGC 2366,NGC 2366,,pgc21102|ugc3851,,galaxy,Irregular galaxy,G,Camelopardalis,112.22775,69.21578,4.37,1.44,11.17,22.13,leda,,,1,,NGC2366
ngc2367,NGC 2367,NGC 2367,,mwsc1178,,open-cluster,Open cluster,OCl,Canis Major,110.01892,-21.88408,5.40,,7.90,20.19,derived,,,1,,NGC2367
ngc2371,NGC 2371 · NGC 2372,NGC 2371,,ngc2372,,planetary-nebula,Planetary nebula,PN,Gemini,111.39442,29.49064,2.20,0.96,11.20,20.64,derived,,,1,,NGC2371
ngc2374,NGC 2374,NGC 2374,,mwsc1206,,open-cluster,Open cluster,OCl,Canis Major,110.98363,-13.26336,9.00,,8.00,21.40,derived,,,1,,NGC2374
ngc2380,NGC 2380 · NGC 2382,NGC 2380,,ngc2382|eso492-12|pgc20916,,galaxy,Lenticular galaxy,G,Canis Major,110.97813,-27.52906,2.52,2.40,11.12,21.89,leda,,,1,,NGC2380
ngc2383,NGC 2383,NGC 2383,,mwsc1213,,open-cluster,Open cluster,OCl,Canis Major,111.16625,-20.94764,4.20,,8.40,20.14,derived,,,1,,NGC2383
ngc2384,NGC 2384,NGC 2384,,mwsc1216,,open-cluster,Open cluster,OCl,Canis Major,111.29096,-21.01986,4.80,,7.40,19.43,derived,,,1,,NGC2384
ngc2392,NGC 2392 · C 39,NGC 2392,Eskimo Nebula|Clown Face Nebula,c39,,planetary-nebula,Planetary nebula,PN,Gemini,112.29483,20.91183,0.86,,9.61,17.91,derived,,39,1,,NGC2392
ngc2395,NGC 2395,NGC 2395,,mwsc1228,,open-cluster,Open cluster,OCl,Gemini,111.80354,13.60819,4.62,,8.00,19.95,derived,,,1,,NGC2395
ngc2396,NGC 2396,NGC 2396,,mwsc1232,,open-cluster,Open cluster,OCl,Puppis,112.01217,-11.71967,6.60,,7.40,20.13,derived,,,1,,NGC2396
ngc2397,NGC 2397,NGC 2397,,eso58-30|pgc20766,,galaxy,Spiral galaxy,G,Volans,110.33325,-69.00147,2.51,0.76,11.97,21.89,leda,,,1,,NGC2397
ngc2403,NGC 2403 · C 7,NGC 2403,,c7|pgc21396|ugc3918,,galaxy,Spiral galaxy,G,Camelopardalis,114.21417,65.60256,19.95,10.07,8.43,23.08,leda,,7,1,,NGC2403
ngc2414,NGC 2414,NGC 2414,,mwsc1263,,open-cluster,Open cluster,OCl,Puppis,113.30333,-15.45386,5.40,,7.90,20.19,derived,,,1,,NGC2414
ngc2419,NGC 2419 · C 25,NGC 2419,,c25|mwsc1290,,globular-cluster,Globular cluster,GCl,Lynx,114.53312,38.87997,4.50,,10.05,21.94,derived,,25,1,,NGC2419
ngc2420,NGC 2420,NGC 2420,,mwsc1292,,open-cluster,Open cluster,OCl,Gemini,114.59958,21.57408,7.50,,8.30,21.30,derived,,,1,,NGC2420
ngc2421,NGC 2421,NGC 2421,,mwsc1277,,open-cluster,Open cluster,OCl,Puppis,114.04921,-20.61225,5.10,,8.30,20.47,derived,,,1,,NGC2421
ngc2423,NGC 2423,NGC 2423,,mwsc1283,,open-cluster,Open cluster,OCl,Puppis,114.27804,-13.87150,11.70,,6.70,20.67,derived,,,1,,NGC2423
ngc2427,NGC 2427,NGC 2427,,eso208-27|pgc21375,,galaxy,Spiral galaxy,G,Puppis,114.11742,-47.63556,5.74,2.46,11.48,23.28,leda,,,1,,NGC2427
ngc2434,NGC 2434,NGC 2434,,eso59-5|pgc21325,,galaxy,Elliptical galaxy,G,Volans,113.71317,-69.28414,2.69,2.20,11.34,22.35,leda,,,1,,NGC2434
ngc2438,NGC 2438,NGC 2438,,,,planetary-nebula,Planetary nebula,PN,Puppis,115.45996,-14.73578,1.07,,10.80,19.58,derived,,,1,,NGC2438
ngc2439,NGC 2439,NGC 2439,,mwsc1306,,open-cluster,Open cluster,OCl,Puppis,115.18921,-31.69242,8.70,,6.90,20.23,derived,,,1,,NGC2439
ngc2440,NGC 2440,NGC 2440,,eso560-9,,planetary-nebula,Planetary nebula,PN,Puppis,115.48067,-18.20847,0.27,,9.40,15.19,derived,,,1,,NGC2440
ngc2442,NGC 2442 · NGC 2443,NGC 2442,,ngc2443|eso59-8|pgc21373,,galaxy,Spiral galaxy,G,Volans,114.09933,-69.53083,4.68,3.09,10.63,22.40,leda,,,1,,NGC2442
ngc2452,NGC 2452,NGC 2452,,eso493-11,,planetary-nebula,Planetary nebula,PN,Puppis,116.85987,-27.33400,0.32,,12.00,18.15,derived,,,1,,NGC2452
ngc2453,NGC 2453,NGC 2453,,mwsc1340,,open-cluster,Open cluster,OCl,Puppis,116.89221,-27.19481,3.00,,8.30,19.31,derived,,,1,,NGC2453
ngc2467,NGC 2467 · Sh2-311,NGC 2467,,lbn1065|mwsc1367|sh2-311,,cluster-nebula,Cluster with nebula,Cl+N,Puppis,118.09763,-26.44333,15.00,15.00,,22.50,typical,,,1,,NGC2467
ngc2477,NGC 2477 · C 71,NGC 2477,,c71|mwsc1363,,open-cluster,Open cluster,OCl,Puppis,118.04075,-38.53325,18.60,,5.80,20.78,derived,,71,1,,NGC2477
ngc2482,NGC 2482,NGC 2482,,mwsc1382,,open-cluster,Open cluster,OCl,Puppis,118.79321,-24.25464,6.60,,7.30,20.03,derived,,,1,,NGC2482
ngc2483,NGC 2483,NGC 2483,,mwsc1383,,open-cluster,Open cluster,OCl,Puppis,118.91163,-27.88683,3.30,,7.60,18.82,derived,,,1,,NGC2483
ngc2489,NGC 2489,NGC 2489,,mwsc1386,,open-cluster,Open cluster,OCl,Puppis,119.06225,-30.06083,4.20,,7.90,19.64,derived,,,1,,NGC2489
ngc2500,NGC 2500,NGC 2500,,pgc22525|ugc4165,,galaxy,Spiral galaxy,G,Lynx,120.47171,50.73711,2.47,2.34,11.65,22.31,leda,,,1,,NGC2500
ngc2506,NGC 2506 · C 54,NGC 2506,,c54|mwsc1406,,open-cluster,Open cluster,OCl,Monoceros,120.00742,-10.76964,10.80,,7.60,21.40,derived,,54,1,,NGC2506
ngc2516,NGC 2516 · C 96,NGC 2516,,c96|mwsc1393,,open-cluster,Open cluster,OCl,Carina,119.52942,-60.75347,24.30,,3.80,19.36,derived,,96,1,,NGC2516
ngc2520,NGC 2520 · NGC 2527,NGC 2520,,ngc2527|mwsc1428,,open-cluster,Open cluster,OCl,Puppis,121.24242,-28.14667,9.30,,6.50,19.97,derived,,,1,,NGC2520
ngc2523,NGC 2523,NGC 2523,,pgc23128|ugc4271,,galaxy,Spiral galaxy,G,Camelopardalis,123.75038,73.57897,2.79,1.78,11.90,22.51,leda,,,1,,NGC2523
ngc2525,NGC 2525,NGC 2525,,pgc22721|ugca135,,galaxy,Spiral galaxy,G,Puppis,121.40850,-11.42703,3.08,2.17,11.47,22.36,leda,,,1,,NGC2525
ngc2533,NGC 2533,NGC 2533,,mwsc1432,,open-cluster,Open cluster,OCl,Puppis,121.76708,-29.88386,4.98,,7.60,19.71,derived,,,1,,NGC2533
ngc2537,NGC 2537,NGC 2537,Bear Claw Nebula|Bear-Paw Galaxy,pgc23040|ugc4274,,galaxy,Irregular galaxy,G,Lynx,123.31100,45.98981,2.07,1.96,11.71,21.98,leda,,,1,,NGC2537
ngc2539,NGC 2539,NGC 2539,,mwsc1439,,open-cluster,Open cluster,OCl,Puppis,122.65408,-12.82067,12.30,,6.50,20.58,derived,,,1,,NGC2539
ngc2541,NGC 2541,NGC 2541,,pgc23110|ugc4284,,galaxy,Spiral galaxy,G,Lynx,123.66717,49.06172,3.02,1.60,11.70,22.30,leda,,,1,,NGC2541
ngc2546,NGC 2546,NGC 2546,,mwsc1447,,open-cluster,Open cluster,OCl,Puppis,123.06512,-37.59431,16.50,,6.30,21.02,derived,,,1,,NGC2546
ngc2547,NGC 2547,NGC 2547,,mwsc1437,,open-cluster,Open cluster,OCl,Vela,122.53954,-49.20567,7.80,,4.70,17.79,derived,,,1,,NGC2547
ngc2549,NGC 2549,NGC 2549,,pgc23313|ugc4313,,galaxy,Lenticular galaxy,G,Lynx,124.74313,57.80306,3.63,0.92,11.14,22.58,leda,,,1,,NGC2549
ngc2559,NGC 2559,NGC 2559,,eso494-41|pgc23222|ugca136,,galaxy,Spiral galaxy,G,Puppis,124.27529,-27.45583,2.81,1.34,11.33,21.89,leda,,,1,,NGC2559
ngc2566,NGC 2566,NGC 2566,,eso495-3|pgc23303|ugca138,,galaxy,Spiral galaxy,G,Puppis,124.69025,-25.49953,3.98,2.75,10.81,22.32,leda,,,1,,NGC2566
ngc2567,NGC 2567,NGC 2567,,mwsc1467,,open-cluster,Open cluster,OCl,Puppis,124.64658,-30.63561,6.00,,7.40,19.92,derived,,,1,,NGC2567
ngc2571,NGC 2571,NGC 2571,,mwsc1469,,open-cluster,Open cluster,OCl,Puppis,124.73479,-29.74928,7.20,,7.00,19.92,derived,,,1,,NGC2571
ngc2579,NGC 2579,NGC 2579,,eso370-8|mwsc1474,,cluster-nebula,Cluster with nebula,Cl+N,Puppis,125.22108,-36.21714,3.30,,,22.50,typical,,,1,,NGC2579
ngc2610,NGC 2610,NGC 2610,,,,planetary-nebula,Planetary nebula,PN,Hydra,128.34750,-16.14944,0.63,,12.70,20.33,derived,,,1,,NGC2610
ngc2612,NGC 2612,NGC 2612,,pgc24028,,galaxy,Elliptical galaxy,G,Hydra,128.45875,-13.17453,2.60,0.80,11.96,23.26,leda,,,1,,NGC2612
ngc2613,NGC 2613,NGC 2613,,eso495-18|pgc23997|ugca141,,galaxy,Spiral galaxy,G,Pyxis,128.34517,-22.97367,7.62,1.79,10.38,22.55,leda,,,1,,NGC2613
ngc2626,NGC 2626,NGC 2626,,,,reflection-nebula,Reflection nebula,RfN,Vela,128.87033,-40.66833,5.00,5.00,,22.50,typical,,,1,,NGC2626
ngc2627,NGC 2627,NGC 2627,,eso431-20|mwsc1514,,open-cluster,Open cluster,OCl,Pyxis,129.31225,-29.95042,5.40,,8.40,20.69,derived,,,1,,NGC2627
ngc2640,NGC 2640,NGC 2640,,eso165-2|pgc24229,,galaxy,Elliptical galaxy,G,Carina,129.35258,-55.12375,4.67,4.00,11.02,23.12,leda,,,1,,NGC2640
ngc2645,NGC 2645,NGC 2645,,eso259-14|mwsc1520,,open-cluster,Open cluster,OCl,Vela,129.76300,-46.22731,6.60,,7.32,20.05,derived,,,1,,NGC2645
ngc2648,NGC 2648,NGC 2648,,pgc24464|ugc4541,,galaxy,Spiral galaxy,G,Cancer,130.66583,14.28561,3.15,1.08,11.88,22.63,leda,,,1,,NGC2648
ngc2654,NGC 2654,NGC 2654,,pgc24784|ugc4605,,galaxy,Spiral galaxy,G,Ursa Major,132.29946,60.22111,4.45,0.89,11.69,22.81,leda,,,1,,NGC2654
ngc2655,NGC 2655,NGC 2655,,pgc25069|ugc4637,,galaxy,Lenticular galaxy,G,Camelopardalis,133.90721,78.22308,3.93,2.06,10.39,21.92,leda,,,1,,NGC2655
ngc2659,NGC 2659,NGC 2659,,mwsc1538,,open-cluster,Open cluster,OCl,Vela,130.63758,-45.00053,5.10,,8.60,20.77,derived,,,1,,NGC2659
ngc2660,NGC 2660,NGC 2660,,mwsc1539,,open-cluster,Open cluster,OCl,Vela,130.65829,-47.20067,3.60,,8.80,20.21,derived,,,1,,NGC2660
ngc2663,NGC 2663,NGC 2663,,eso371-14|pgc24590,,galaxy,Elliptical galaxy,G,Pyxis,131.28437,-33.79475,3.90,2.75,10.93,22.75,leda,,,1,,NGC2663
ngc2665,NGC 2665,NGC 2665,,eso563-19|pgc24634|ugca144,,galaxy,Spiral galaxy,G,Hydra,131.50413,-19.30289,2.00,1.72,11.63,21.97,leda,,,1,,NGC2665
ngc2669,NGC 2669,NGC 2669,,mwsc1561,,open-cluster,Open cluster,OCl,Vela,131.59404,-52.94753,8.40,,6.10,19.35,derived,,,1,,NGC2669
ngc2670,NGC 2670,NGC 2670,,mwsc1554,,open-cluster,Open cluster,OCl,Vela,131.37283,-48.79164,4.20,,7.80,19.54,derived,,,1,,NGC2670
ngc2672,NGC 2672,NGC 2672,,pgc24790|ugc4619,,galaxy,Elliptical galaxy,G,Cancer,132.34121,19.07497,3.20,2.87,11.64,23.03,leda,,,1,,NGC2672
ngc2681,NGC 2681,NGC 2681,,pgc24961|ugc4645,,galaxy,Lenticular galaxy,G,Ursa Major,133.38642,51.31367,3.97,3.97,10.25,21.98,leda,,,1,,NGC2681
ngc2683,NGC 2683,NGC 2683,,pgc24930|ugc4641,,galaxy,Spiral galaxy,G,Lynx,133.17221,33.42175,9.48,2.70,9.69,22.46,leda,,,1,,NGC2683
ngc2685,NGC 2685,NGC 2685,Helix Galaxy,pgc25065|ugc4666,,galaxy,Lenticular galaxy,G,Ursa Major,133.89462,58.73439,4.33,2.31,11.35,23.22,leda,,,1,,NGC2685
ngc2693,NGC 2693,NGC 2693,,pgc25144|ugc4674,,galaxy,Elliptical galaxy,G,Ursa Major,134.24696,51.34744,2.00,1.37,11.86,22.21,leda,,,1,,NGC2693
ngc2708,NGC 2708 · NGC 2727,NGC 2708,,ngc2727|pgc25097,,galaxy,Spiral galaxy,G,Hydra,134.03354,-3.36011,2.93,1.06,11.96,22.33,leda,,,1,,NGC2708
ngc2713,NGC 2713,NGC 2713,,pgc25161|ugc4691,,galaxy,Spiral galaxy,G,Hydra,134.33546,2.92131,3.37,1.15,11.82,22.51,leda,,,1,,NGC2713
ngc2715,NGC 2715,NGC 2715,,pgc25676|ugc4759,,galaxy,Spiral galaxy,G,Camelopardalis,137.02583,78.08517,4.20,1.41,11.49,22.45,leda,,,1,,NGC2715
ngc2736,NGC 2736,NGC 2736,Pencil Nebula,,,emission-nebula,HII region,HII,Vela,135.07058,-45.94806,30.00,7.00,,22.50,typical,,,1,,NGC2736
ngc2742,NGC 2742,NGC 2742,,pgc25640|ugc4779,,galaxy,Spiral galaxy,G,Ursa Major,136.88971,60.47933,2.86,1.49,11.49,21.97,leda,,,1,,NGC2742
ngc2748,NGC 2748,NGC 2748,,pgc26018|ugc4825,,galaxy,Spiral galaxy,G,Camelopardalis,138.42925,76.47533,2.60,1.11,11.68,21.84,leda,,,1,,NGC2748
ngc2768,NGC 2768,NGC 2768,,pgc25915|ugc4821,,galaxy,Elliptical galaxy,G,Ursa Major,137.90625,60.03722,5.64,2.24,9.87,22.43,leda,,,1,,NGC2768
ngc2775,NGC 2775 · C 48,NGC 2775,,c48|pgc25861|ugc4820,,galaxy,Spiral galaxy,G,Cancer,137.58383,7.03794,4.25,3.36,10.24,21.98,leda,,48,1,,NGC2775
ngc2776,NGC 2776,NGC 2776,,pgc25946|ugc4838,,galaxy,Spiral galaxy,G,Lynx,138.06046,44.95483,2.14,0.91,11.68,21.37,leda,,,1,,NGC2776
ngc2781,NGC 2781,NGC 2781,,pgc25907,,galaxy,Lenticular galaxy,G,Hydra,137.86467,-14.81683,2.52,1.26,11.57,22.26,leda,,,1,,NGC2781
ngc2782,NGC 2782,NGC 2782,,pgc26034|ugc4862,,galaxy,Spiral galaxy,G,Lynx,138.52129,40.11369,3.25,2.41,11.57,22.72,leda,,,1,,NGC2782
ngc2784,NGC 2784,NGC 2784,,eso497-23|pgc25950|ugca152,,galaxy,Lenticular galaxy,G,Hydra,138.08125,-24.17261,4.82,1.85,10.10,22.20,leda,,,1,,NGC2784
ngc2787,NGC 2787,NGC 2787,,pgc26341|ugc4914,,galaxy,Lenticular galaxy,G,Ursa Major,139.82750,69.20325,3.24,1.81,11.25,22.49,leda,,,1,,NGC2787
ngc2805,NGC 2805,NGC 2805,,pgc26410|ugc4936,,galaxy,Spiral galaxy,G,Ursa Major,140.08504,64.10278,3.39,2.76,11.22,22.43,leda,,,1,,NGC2805
ngc2808,NGC 2808,NGC 2808,,mwsc1636,,globular-cluster,Globular cluster,GCl,Carina,138.01058,-64.86283,9.00,,5.69,19.09,derived,,,1,,NGC2808
ngc2811,NGC 2811,NGC 2811,,pgc26151|ugca155,,galaxy,Spiral galaxy,G,Hydra,139.04629,-16.31272,3.05,1.03,11.45,22.13,leda,,,1,,NGC2811
ngc2815,NGC 2815,NGC 2815,,eso497-32|pgc26157|ugca156,,galaxy,Spiral galaxy,G,Hydra,139.08229,-23.63325,3.51,1.41,11.86,22.70,leda,,,1,,NGC2815
ngc2818,NGC 2818,NGC 2818,,eso372-13,,planetary-nebula,Planetary nebula,PN,Pyxis,139.00625,-36.62694,0.83,,11.60,19.82,derived,,,1,,NGC2818
ngc2818a,NGC 2818A,NGC 2818A,,mwsc1644,,cluster-nebula,Cluster with nebula,Cl+N,Pyxis,139.02554,-36.62692,6.90,,,22.50,typical,,,1,,NGC2818A
ngc2822,NGC 2822,NGC 2822,,eso61-4|pgc26026,,galaxy,Elliptical galaxy,G,Carina,138.45717,-69.64483,3.96,2.72,10.67,22.44,leda,,,1,,NGC2822
ngc2832,NGC 2832,NGC 2832,,pgc26377|ugc4942,,galaxy,Elliptical galaxy,G,Lynx,139.94525,33.74975,3.20,2.07,11.79,23.16,leda,,,1,,NGC2832
ngc2835,NGC 2835,NGC 2835,,eso564-35|pgc26259|ugca157,,galaxy,Spiral galaxy,G,Hydra,139.47046,-22.35467,6.43,3.72,10.64,22.97,leda,,,1,,NGC2835
ngc2841,NGC 2841,NGC 2841,,pgc26512|ugc4966,,galaxy,Spiral galaxy,G,Ursa Major,140.51096,50.97653,6.90,3.31,9.31,21.73,leda,,,1,,NGC2841
ngc2855,NGC 2855,NGC 2855,,pgc26483|ugca161,,galaxy,Lenticular galaxy,G,Hydra,140.36454,-11.90950,3.45,1.85,11.65,22.94,leda,,,1,,NGC2855
ngc2859,NGC 2859,NGC 2859,,pgc26649|ugc5001,,galaxy,Lenticular galaxy,G,Leo Minor,141.07721,34.51350,3.19,2.78,10.94,22.18,leda,,,1,,NGC2859
ngc2865,NGC 2865,NGC 2865,,eso498-1|pgc26601,,galaxy,Elliptical galaxy,G,Hydra,140.87587,-23.16144,2.44,2.03,11.48,22.28,leda,,,1,,NGC2865
ngc2867,NGC 2867 · C 90,NGC 2867,,c90|eso126-8,,planetary-nebula,Planetary nebula,PN,Carina,140.35404,-58.31167,0.23,,9.70,15.14,derived,,90,1,,NGC2867
ngc2880,NGC 2880,NGC 2880,,pgc26939|ugc5051,,galaxy,Elliptical galaxy,G,Ursa Major,142.39400,62.49056,2.33,1.40,11.61,22.16,leda,,,1,,NGC2880
ngc2887,NGC 2887,NGC 2887,,eso91-9|pgc26592,,galaxy,Elliptical galaxy,G,Carina,140.85021,-63.81256,2.55,1.63,11.66,22.42,leda,,,1,,NGC2887
ngc2899,NGC 2899,NGC 2899,,eso166-13,,planetary-nebula,Planetary nebula,PN,Vela,141.76233,-56.10603,1.50,,11.80,21.31,derived,,,1,,NGC2899
ngc2903,NGC 2903 · NGC 2905,NGC 2903,,ngc2905|pgc27077|ugc5079,,galaxy,Spiral galaxy,G,Leo,143.04212,21.50083,11.94,5.28,8.91,22.40,leda,,,1,,NGC2903
ngc2907,NGC 2907,NGC 2907,,pgc27048,,galaxy,Spiral galaxy,G,Hydra,142.90300,-16.73467,2.82,2.06,11.63,22.47,leda,,,1,,NGC2907
ngc2910,NGC 2910,NGC 2910,,mwsc1679,,open-cluster,Open cluster,OCl,Vela,142.62092,-52.91400,4.80,,7.20,19.23,derived,,,1,,NGC2910
ngc2911,NGC 2911,NGC 2911,,pgc27159|ugc5092,,galaxy,Lenticular galaxy,G,Leo,143.44213,10.15244,3.46,2.13,11.81,23.23,leda,,,1,,NGC2911
ngc2925,NGC 2925,NGC 2925,,mwsc1686,,open-cluster,Open cluster,OCl,Vela,143.29550,-53.39597,7.50,,8.30,21.30,derived,,,1,,NGC2925
ngc2935,NGC 2935,NGC 2935,,eso565-23|pgc27351|ugca169,,galaxy,Spiral galaxy,G,Hydra,144.18687,-21.12814,4.21,3.16,11.19,22.84,leda,,,1,,NGC2935
ngc2950,NGC 2950,NGC 2950,,pgc27765|ugc5176,,galaxy,Lenticular galaxy,G,Ursa Major,145.64646,58.85128,2.62,1.65,11.03,21.84,leda,,,1,,NGC2950
ngc2962,NGC 2962,NGC 2962,,pgc27635|ugc5167,,galaxy,Lenticular galaxy,G,Hydra,145.22471,5.16581,2.31,1.16,11.88,22.38,leda,,,1,,NGC2962
ngc2964,NGC 2964,NGC 2964,,pgc27777|ugc5183,,galaxy,Spiral galaxy,G,Leo,145.72596,31.84739,2.92,2.18,11.37,22.21,leda,,,1,,NGC2964
ngc2967,NGC 2967,NGC 2967,,pgc27723|ugc5180,,galaxy,Spiral galaxy,G,Sextans,145.51371,0.33644,2.14,2.01,11.61,21.95,leda,,,1,,NGC2967
ngc2968,NGC 2968,NGC 2968,,pgc27800|ugc5190,,galaxy,Spiral galaxy,G,Leo,145.80004,31.92869,2.48,1.63,11.73,22.26,leda,,,1,,NGC2968
ngc2974,NGC 2974 · NGC 2652,NGC 2974,,ngc2652|pgc27762|ugca172,,galaxy,Elliptical galaxy,G,Sextans,145.63867,-3.69914,3.48,2.13,10.89,22.43,leda,,,1,,NGC2974
ngc2976,NGC 2976,NGC 2976,,pgc28120|ugc5221,,galaxy,Spiral galaxy,G,Ursa Major,146.81442,67.91639,5.77,3.01,10.16,22.16,leda,,,1,,NGC2976
ngc2983,NGC 2983,NGC 2983,,eso566-3|pgc27840|ugca176,,galaxy,Lenticular galaxy,G,Hydra,145.92125,-20.47719,2.37,1.16,11.87,22.43,leda,,,1,,NGC2983
ngc2985,NGC 2985,NGC 2985,,pgc28316|ugc5253,,galaxy,Spiral galaxy,G,Ursa Major,147.59263,72.27864,3.61,2.92,10.51,21.90,leda,,,1,,NGC2985
ngc2986,NGC 2986,NGC 2986,,eso566-5|pgc27885|ugca178,,galaxy,Elliptical galaxy,G,Hydra,146.06683,-21.27800,4.81,3.85,10.64,22.91,leda,,,1,,NGC2986
ngc2997,NGC 2997,NGC 2997,,eso434-35|pgc27978|ugca181,,galaxy,Spiral galaxy,G,Antlia,146.41163,-31.19108,10.26,6.21,9.41,22.79,leda,,,1,,NGC2997
ngc3001,NGC 3001,NGC 3001,,eso434-38|pgc28027|ugca183,,galaxy,Spiral galaxy,G,Antlia,146.57775,-30.43747,3.02,2.26,11.57,22.49,leda,,,1,,NGC3001
ngc3003,NGC 3003,NGC 3003,,pgc28186|ugc5251,,galaxy,Spiral galaxy,G,Leo Minor,147.15021,33.42150,4.74,1.06,11.78,22.75,leda,,,1,,NGC3003
ngc3027,NGC 3027,NGC 3027,,pgc28636|ugc5316,,galaxy,Spiral galaxy,G,Ursa Major,148.91917,72.20356,3.35,1.27,11.76,22.31,leda,,,1,,NGC3027
ngc3033,NGC 3033,NGC 3033,,mwsc1715,,open-cluster,Open cluster,OCl,Vela,147.14600,-56.43006,4.80,,8.80,20.83,derived,,,1,,NGC3033
ngc3038,NGC 3038,NGC 3038,,eso374-2|pgc28376,,galaxy,Spiral galaxy,G,Antlia,147.81438,-32.75256,2.80,1.69,11.69,22.31,leda,,,1,,NGC3038
ngc3041,NGC 3041,NGC 3041,,pgc28485|ugc5303,,galaxy,Spiral galaxy,G,Leo,148.27975,16.67767,3.22,2.07,11.55,22.46,leda,,,1,,NGC3041
ngc3044,NGC 3044,NGC 3044,,pgc28517|ugc5311,,galaxy,Spiral galaxy,G,Sextans,148.42033,1.57964,4.20,0.70,11.94,22.35,leda,,,1,,NGC3044
ngc3051,NGC 3051 · NGC 3046,NGC 3051,,ngc3046|eso499-16|pgc28536,,galaxy,Elliptical galaxy,G,Antlia,148.49433,-27.28633,2.20,1.39,11.94,22.40,leda,,,1,,NGC3051
ngc3054,NGC 3054,NGC 3054,,eso499-18|pgc28571|ugca187,,galaxy,Spiral galaxy,G,Hydra,148.61917,-25.70344,3.56,2.18,11.48,22.62,leda,,,1,,NGC3054
ngc3056,NGC 3056,NGC 3056,,eso435-7|pgc28576,,galaxy,Lenticular galaxy,G,Antlia,148.63700,-28.29819,2.26,1.39,11.70,22.17,leda,,,1,,NGC3056
ngc3059,NGC 3059,NGC 3059,,eso37-7|pgc28298,,galaxy,Spiral galaxy,G,Carina,147.53400,-73.92219,3.80,3.56,11.30,22.88,leda,,,1,,NGC3059
ngc3077,NGC 3077,NGC 3077,,pgc29146|ugc5398,,galaxy,Galaxy,G,Ursa Major,150.82946,68.73392,5.21,4.32,9.88,22.05,leda,,,1,,NGC3077
ngc3078,NGC 3078,NGC 3078,,eso499-27|pgc28806,,galaxy,Elliptical galaxy,G,Hydra,149.60254,-26.92667,3.04,2.48,11.16,22.43,leda,,,1,,NGC3078
ngc3079,NGC 3079,NGC 3079,,pgc29050|ugc5387,,galaxy,Spiral galaxy,G,Ursa Major,150.49083,55.67978,8.18,1.29,10.71,22.47,leda,,,1,,NGC3079
ngc3081,NGC 3081 · IC 2529,NGC 3081,,ic2529|eso499-31|pgc28876,,galaxy,Lenticular galaxy,G,Hydra,149.87308,-22.82628,2.67,1.59,11.99,22.72,leda,,,1,,NGC3081
ngc3087,NGC 3087,NGC 3087,,eso374-15|pgc28845,,galaxy,Elliptical galaxy,G,Antlia,149.78608,-34.22522,2.28,2.02,11.43,22.11,leda,,,1,,NGC3087
ngc3091,NGC 3091,NGC 3091,,eso566-41|pgc28927,,galaxy,Elliptical galaxy,G,Hydra,150.05954,-19.63697,3.69,2.18,11.00,22.67,leda,,,1,,NGC3091
ngc3095,NGC 3095,NGC 3095,,eso435-26|pgc28919|ugca192,,galaxy,Spiral galaxy,G,Antlia,150.02429,-31.55286,3.61,1.81,11.63,22.58,leda,,,1,,NGC3095
ngc3098,NGC 3098,NGC 3098,,pgc29067|ugc5397,,galaxy,Lenticular galaxy,G,Leo,150.56954,24.71108,2.33,0.50,11.96,22.42,leda,,,1,,NGC3098
ngc3100,NGC 3100 · NGC 3103,NGC 3100,,ngc3103|eso435-30|pgc28960,,galaxy,Lenticular galaxy,G,Antlia,150.17017,-31.66453,3.56,2.48,11.37,22.86,leda,,,1,,NGC3100
ngc3108,NGC 3108,NGC 3108,,eso435-32|pgc29076,,galaxy,Lenticular galaxy,G,Antlia,150.62096,-31.67742,2.54,2.22,11.85,22.60,leda,,,1,,NGC3108
ngc3109,NGC 3109,NGC 3109,,eso499-36|pgc29128|ugca194,,galaxy,Irregular galaxy,G,Hydra,150.77867,-26.15958,16.00,2.74,9.94,23.14,leda,,,1,,NGC3109
ngc3114,NGC 3114,NGC 3114,,mwsc1749,,open-cluster,Open cluster,OCl,Carina,150.62321,-60.13053,12.30,,4.20,18.28,derived,,,1,,NGC3114
ngc3115,NGC 3115 · C 53,NGC 3115,Spindle Galaxy,c53|pgc29265|ugca199,,galaxy,Elliptical galaxy,G,Sextans,151.30825,-7.71858,7.10,3.01,9.09,22.03,leda,,53,1,,NGC3115
ngc3132,NGC 3132 · C 74,NGC 3132,Eight-Burst Nebula|Southern Ring Nebula,c74|eso316-27,,planetary-nebula,Planetary nebula,PN,Vela,151.75721,-40.43658,0.50,,9.20,16.32,derived,,74,1,,NGC3132
ngc3136,NGC 3136,NGC 3136,,eso92-8|pgc29311,,galaxy,Elliptical galaxy,G,Carina,151.45067,-67.37797,4.20,2.94,10.67,22.63,leda,,,1,,NGC3136
ngc3137,NGC 3137,NGC 3137,,eso435-47|pgc29530|ugca203,,galaxy,Spiral galaxy,G,Antlia,152.28117,-29.06431,5.57,3.85,11.57,23.73,leda,,,1,,NGC3137
ngc3145,NGC 3145,NGC 3145,,pgc29591,,galaxy,Spiral galaxy,G,Hydra,152.54112,-12.43378,2.87,1.37,12.00,22.46,leda,,,1,,NGC3145
ngc3147,NGC 3147,NGC 3147,,pgc30019|ugc5532,,galaxy,Spiral galaxy,G,Draco,154.22354,73.40075,4.11,3.55,10.69,22.38,leda,,,1,,NGC3147
ngc3158,NGC 3158,NGC 3158,,pgc29822|ugc5511,,galaxy,Elliptical galaxy,G,Leo Minor,153.46050,38.76489,2.32,1.94,11.88,22.58,leda,,,1,,NGC3158
ngc3162,NGC 3162 · NGC 3575,NGC 3162,,ngc3575|pgc29800|ugc5510,,galaxy,Spiral galaxy,G,Leo,153.38163,22.73756,2.09,1.69,11.72,21.88,leda,,,1,,NGC3162
ngc3166,NGC 3166,NGC 3166,,pgc29814|ugc5516,,galaxy,Lenticular galaxy,G,Sextans,153.44000,3.42472,4.50,2.84,10.62,22.47,leda,,,1,,NGC3166
ngc3169,NGC 3169,NGC 3169,,pgc29855|ugc5525,,galaxy,Spiral galaxy,G,Sextans,153.56271,3.46608,4.34,2.65,10.89,22.57,leda,,,1,,NGC3169
ngc3175,NGC 3175,NGC 3175,,eso436-3|pgc29892|ugca207,,galaxy,Spiral galaxy,G,Antlia,153.67546,-28.87206,5.25,1.95,11.26,23.03,leda,,,1,,NGC3175
ngc3184,NGC 3184,NGC 3184,,pgc30087|ugc5557,,galaxy,Spiral galaxy,G,Ursa Major,154.57025,41.42406,7.40,7.18,9.84,22.90,leda,,,1,,NGC3184
ngc3189,NGC 3189 · NGC 3190,NGC 3189,,ngc3190|pgc30083|ugc5559,,galaxy,Spiral galaxy,G,Leo,154.52346,21.83231,3.64,1.22,11.05,22.14,leda,,,1,,NGC3189
ngc3193,NGC 3193,NGC 3193,,pgc30099|ugc5562,,galaxy,Elliptical galaxy,G,Leo,154.60375,21.89397,2.36,2.16,11.02,21.76,leda,,,1,,NGC3193
ngc3195,NGC 3195 · C 109,NGC 3195,,c109|eso19-2,,planetary-nebula,Planetary nebula,PN,Chamaeleon,152.33742,-80.85858,0.70,,11.60,19.45,derived,,109,1,,NGC3195
ngc3198,NGC 3198,NGC 3198,,pgc30197|ugc5572,,galaxy,Spiral galaxy,G,Ursa Major,154.97896,45.54961,6.46,1.84,10.38,22.16,leda,,,1,,NGC3198
ngc3199,NGC 3199,NGC 3199,,,,emission-nebula,Nebula,Neb,Carina,154.35179,-57.92222,20.00,15.00,,22.50,typical,,,1,,NGC3199
ngc3201,NGC 3201 · C 79,NGC 3201,,c79|mwsc1788,,globular-cluster,Globular cluster,GCl,Vela,154.40317,-46.41122,9.60,,8.24,21.78,derived,,79,1,,NGC3201
ngc3211,NGC 3211,NGC 3211,,eso127-15,,planetary-nebula,Planetary nebula,PN,Carina,154.46046,-62.67006,0.27,,10.70,16.49,derived,,,1,,NGC3211
ngc3223,NGC 3223 · IC 2571,NGC 3223,,ic2571|eso375-12|pgc30308,,galaxy,Spiral galaxy,G,Antlia,155.39617,-34.26681,4.28,2.79,10.96,22.54,leda,,,1,,NGC3223
ngc3226,NGC 3226,NGC 3226,,pgc30440|ugc5617,,galaxy,Elliptical galaxy,G,Leo,155.86254,19.89853,3.13,2.26,11.41,22.74,leda,,,1,,NGC3226
ngc3227,NGC 3227,NGC 3227,,pgc30445|ugc5620,,galaxy,Spiral galaxy,G,Leo,155.87742,19.86506,3.98,1.86,10.80,22.13,leda,,,1,,NGC3227
ngc3228,NGC 3228,NGC 3228,,mwsc1794,,open-cluster,Open cluster,OCl,Vela,155.34267,-51.72258,6.60,,6.00,18.73,derived,,,1,,NGC3228
ngc3239,NGC 3239,NGC 3239,,pgc30560|ugc5637,,galaxy,Irregular galaxy,G,Leo,156.27038,17.16358,3.61,2.71,11.23,22.50,leda,,,1,,NGC3239
ngc3242,NGC 3242 · C 59,NGC 3242,Jupiter's Ghost Nebula,c59|eso568-5,,planetary-nebula,Planetary nebula,PN,Hydra,156.19200,-18.64222,0.42,,7.70,14.44,derived,,59,1,,NGC3242
ngc3245,NGC 3245,NGC 3245,,pgc30744|ugc5663,,galaxy,Lenticular galaxy,G,Leo Minor,156.82663,28.50744,3.61,2.30,10.75,22.26,leda,,,1,,NGC3245
ngc3247,NGC 3247,NGC 3247,,,,emission-nebula,HII region,HII,Carina,156.05833,-57.76333,5.00,5.00,,22.50,typical,,,1,,NGC3247
ngc3250,NGC 3250,NGC 3250,,eso317-26|pgc30671,,galaxy,Elliptical galaxy,G,Antlia,156.63450,-39.94394,2.96,2.20,11.02,22.24,leda,,,1,,NGC3250
ngc3254,NGC 3254,NGC 3254,,pgc30895|ugc5685,,galaxy,Spiral galaxy,G,Leo Minor,157.33308,29.49183,2.34,1.12,11.66,21.68,leda,,,1,,NGC3254
ngc3256,NGC 3256,NGC 3256,,eso263-38|pgc30785,,galaxy,Spiral galaxy,G,Vela,156.96362,-43.90375,3.29,2.26,11.58,22.60,leda,,,1,,NGC3256
ngc3258,NGC 3258,NGC 3258,,eso375-37|pgc30859,,galaxy,Elliptical galaxy,G,Antlia,157.22321,-35.60553,2.94,2.34,11.41,22.62,leda,,,1,,NGC3258
ngc3261,NGC 3261,NGC 3261,,eso263-40|pgc30868,,galaxy,Spiral galaxy,G,Vela,157.25608,-44.65683,3.65,2.84,11.41,22.76,leda,,,1,,NGC3261
ngc3263,NGC 3263,NGC 3263,,eso263-43|pgc30887,,galaxy,Spiral galaxy,G,Vela,157.30567,-44.12292,7.83,1.84,11.85,23.83,leda,,,1,,NGC3263
ngc3268,NGC 3268,NGC 3268,,eso375-45|pgc30949,,galaxy,Elliptical galaxy,G,Antlia,157.50275,-35.32547,3.50,2.62,11.41,22.99,leda,,,1,,NGC3268
ngc3271,NGC 3271 · IC 2585,NGC 3271,,ic2585|eso375-48|pgc30988,,galaxy,Lenticular galaxy,G,Antlia,157.61037,-35.35950,3.01,1.67,11.73,22.83,leda,,,1,,NGC3271
ngc3275,NGC 3275,NGC 3275,,eso375-50|pgc31014,,galaxy,Spiral galaxy,G,Antlia,157.71583,-36.73697,2.81,2.05,11.65,22.43,leda,,,1,,NGC3275
ngc3277,NGC 3277,NGC 3277,,pgc31166|ugc5731,,galaxy,Spiral galaxy,G,Leo Minor,158.23104,28.51172,2.11,1.59,11.65,21.84,leda,,,1,,NGC3277
ngc3281,NGC 3281,NGC 3281,,eso375-55|pgc31090,,galaxy,Spiral galaxy,G,Antlia,157.96704,-34.85369,3.10,1.27,11.95,22.58,leda,,,1,,NGC3281
ngc3283,NGC 3283,NGC 3283,,eso263-48|pgc31035,,galaxy,Lenticular galaxy,G,Vela,157.79833,-46.25128,2.86,2.07,11.74,22.75,leda,,,1,,NGC3283
ngc3285,NGC 3285,NGC 3285,,eso501-15|pgc31217,,galaxy,Spiral galaxy,G,Hydra,158.39933,-27.45444,2.97,1.52,11.98,22.75,leda,,,1,,NGC3285
ngc3293,NGC 3293,NGC 3293,,mwsc1826,,open-cluster,Open cluster,OCl,Carina,158.95321,-58.22447,5.10,,,20.00,typical,,,1,,NGC3293
ngc3294,NGC 3294,NGC 3294,,pgc31428|ugc5753,,galaxy,Spiral galaxy,G,Leo Minor,159.06771,37.32469,3.08,1.60,11.68,22.32,leda,,,1,,NGC3294
ngc3301,NGC 3301 · NGC 3760,NGC 3301,,ngc3760|pgc31497|ugc5767,,galaxy,Lenticular galaxy,G,Leo,159.23350,21.88214,3.63,1.06,11.41,22.78,leda,,,1,,NGC3301
ngc3311,NGC 3311,NGC 3311,,eso501-38|pgc31478,,galaxy,Elliptical galaxy,G,Hydra,159.17842,-27.52833,2.63,2.33,11.85,22.70,leda,,,1,,NGC3311
ngc3313,NGC 3313,NGC 3313,,eso501-50|pgc31551|ugca213,,galaxy,Spiral galaxy,G,Hydra,159.35604,-25.31944,2.96,2.02,11.73,22.60,leda,,,1,,NGC3313
ngc3318,NGC 3318,NGC 3318,,eso317-52|pgc31533,,galaxy,Spiral galaxy,G,Vela,159.31463,-41.62756,2.52,1.36,11.50,21.78,leda,,,1,,NGC3318
ngc3319,NGC 3319,NGC 3319,,pgc31671|ugc5789,,galaxy,Spiral galaxy,G,Ursa Major,159.78942,41.68667,3.63,1.77,11.37,22.30,leda,,,1,,NGC3319
ngc3324,NGC 3324,NGC 3324,,mwsc1830,,cluster-nebula,Cluster with nebula,Cl+N,Carina,159.31754,-58.61956,4.80,,,22.50,typical,,,1,,NGC3324
ngc3330,NGC 3330,NGC 3330,,mwsc1835,,open-cluster,Open cluster,OCl,Vela,159.68929,-54.13072,5.10,,7.40,19.57,derived,,,1,,NGC3330
ngc3344,NGC 3344,NGC 3344,,pgc31968|ugc5840,,galaxy,Spiral galaxy,G,Leo Minor,160.87979,24.92222,6.70,6.37,9.98,22.81,leda,,,1,,NGC3344
ngc3346,NGC 3346,NGC 3346,,pgc31982|ugc5842,,galaxy,Spiral galaxy,G,Leo,160.91213,14.87186,2.64,2.20,12.00,22.74,leda,,,1,,NGC3346
ngc3347,NGC 3347,NGC 3347,,eso376-13|pgc31926,,galaxy,Spiral galaxy,G,Antlia,160.69396,-36.35267,4.05,1.14,11.51,22.38,leda,,,1,,NGC3347
ngc3348,NGC 3348,NGC 3348,,pgc32216|ugc5875,,galaxy,Elliptical galaxy,G,Ursa Major,161.79167,72.83967,2.13,2.13,10.92,21.44,leda,,,1,,NGC3348
ngc3358,NGC 3358,NGC 3358,,eso376-17|pgc31974,,galaxy,Lenticular galaxy,G,Antlia,160.88758,-36.41069,3.62,1.82,11.61,22.92,leda,,,1,,NGC3358
ngc3359,NGC 3359,NGC 3359,,pgc32183|ugc5873,,galaxy,Spiral galaxy,G,Ursa Major,161.65358,63.22422,4.07,2.83,10.55,22.03,leda,,,1,,NGC3359
ngc3366,NGC 3366 · IC 2592,NGC 3366,,ic2592|eso264-7|pgc31335,,galaxy,Spiral galaxy,G,Vela,158.78450,-43.69181,2.72,1.31,11.71,22.09,leda,,,1,,NGC3366
ngc3367,NGC 3367,NGC 3367,,pgc32178|ugc5880,,galaxy,Spiral galaxy,G,Leo,161.64563,13.75086,2.88,2.83,11.45,22.47,leda,,,1,,NGC3367
ngc3370,NGC 3370,NGC 3370,,pgc32207|ugc5887,,galaxy,Spiral galaxy,G,Leo,161.76687,17.27361,2.44,1.42,11.67,21.97,leda,,,1,,NGC3370
ngc3372,NGC 3372 · C 92,NGC 3372,Carina Nebula|Eta Carinae Nebula,c92,,emission-nebula,HII region,HII,Carina,161.28554,-59.86669,120.00,120.00,3.00,22.02,derived,,92,1,,NGC3372
ngc3377,NGC 3377,NGC 3377,,pgc32249|ugc5899,,galaxy,Elliptical galaxy,G,Leo,161.92637,13.98592,3.87,1.87,10.27,22.03,leda,,,1,,NGC3377
ngc3384,NGC 3384 · NGC 3371,NGC 3384,,ngc3371|pgc32292|ugc5911,,galaxy,Elliptical galaxy,G,Leo,162.07038,12.62928,5.24,2.37,9.96,22.24,leda,,,1,,NGC3384
ngc3412,NGC 3412,NGC 3412,,pgc32508|ugc5952,,galaxy,Lenticular galaxy,G,Leo,162.72200,13.41214,3.96,2.17,10.53,22.23,leda,,,1,,NGC3412
ngc3414,NGC 3414,NGC 3414,,pgc32533|ugc5959,,galaxy,Lenticular galaxy,G,Leo Minor,162.81754,27.97511,2.67,1.37,11.09,21.92,leda,,,1,,NGC3414
ngc3423,NGC 3423,NGC 3423,,pgc32529|ugc5962,,galaxy,Spiral galaxy,G,Sextans,162.80971,5.84003,3.56,3.03,11.17,22.52,leda,,,1,,NGC3423
ngc3430,NGC 3430,NGC 3430,,pgc32614|ugc5982,,galaxy,Spiral galaxy,G,Leo Minor,163.04750,32.95044,3.99,2.22,11.81,23.06,leda,,,1,,NGC3430
ngc3432,NGC 3432,NGC 3432,,pgc32643|ugc5986,,galaxy,Irregular galaxy,G,Leo Minor,163.12971,36.61878,7.41,2.08,11.27,23.24,leda,,,1,,NGC3432
ngc3448,NGC 3448,NGC 3448,,pgc32774|ugc6024,,galaxy,Galaxy,G,Ursa Major,163.66333,54.30486,2.97,0.88,11.98,22.18,leda,,,1,,NGC3448
ngc3450,NGC 3450,NGC 3450,,eso569-6|pgc32270|ugca218,,galaxy,Spiral galaxy,G,Hydra,162.01508,-20.84919,2.61,2.29,11.83,22.54,leda,,,1,,NGC3450
ngc3486,NGC 3486,NGC 3486,,pgc33166|ugc6079,,galaxy,Spiral galaxy,G,Leo Minor,165.09946,28.97514,5.82,4.12,10.57,22.85,leda,,,1,,NGC3486
ngc3489,NGC 3489,NGC 3489,,pgc33160|ugc6082,,galaxy,Lenticular galaxy,G,Leo,165.07738,13.90122,3.44,2.03,10.23,21.61,leda,,,1,,NGC3489
ngc3495,NGC 3495,NGC 3495,,pgc33234|ugc6098,,galaxy,Spiral galaxy,G,Leo,165.31763,3.62794,4.66,1.00,11.86,22.65,leda,,,1,,NGC3495
ngc3496,NGC 3496,NGC 3496,,mwsc1878,,open-cluster,Open cluster,OCl,Carina,164.89087,-60.33686,6.00,,8.20,20.72,derived,,,1,,NGC3496
ngc3503,NGC 3503,NGC 3503,,eso128-28,,reflection-nebula,Reflection nebula,RfN,Carina,165.32183,-59.84575,3.00,3.00,,22.50,typical,,,1,,NGC3503
ngc3504,NGC 3504,NGC 3504,,pgc33371|ugc6118,,galaxy,Spiral galaxy,G,Leo Minor,165.79671,27.97250,2.48,2.24,10.87,21.52,leda,,,1,,NGC3504
ngc3507,NGC 3507,NGC 3507,,pgc33390|ugc6123,,galaxy,Spiral galaxy,G,Leo,165.85567,18.13544,2.92,2.51,11.32,22.27,leda,,,1,,NGC3507
ngc3511,NGC 3511,NGC 3511,,eso502-13|pgc33385|ugca223,,galaxy,Spiral galaxy,G,Crater,165.84904,-23.08678,6.04,2.00,11.02,22.77,leda,,,1,,NGC3511
ngc3513,NGC 3513,NGC 3513,,eso502-14|pgc33410|ugca224,,galaxy,Spiral galaxy,G,Crater,165.94200,-23.24550,2.81,1.28,11.37,21.71,leda,,,1,,NGC3513
ngc3519,NGC 3519,NGC 3519,,eso128-30|mwsc1885,,open-cluster,Open cluster,OCl,Carina,166.01154,-61.36825,4.80,,7.70,19.73,derived,,,1,,NGC3519
ngc3521,NGC 3521,NGC 3521,,pgc33550|ugc6150,,galaxy,Spiral galaxy,G,Leo,166.45242,-0.03586,8.32,4.47,9.11,21.96,leda,,,1,,NGC3521
ngc3532,NGC 3532 · C 91,NGC 3532,Wishing Well Cluster,c91|mwsc1890,,open-cluster,Open cluster,OCl,Carina,166.44925,-58.77050,12.00,,3.00,17.02,derived,,91,1,,NGC3532
ngc3557,NGC 3557,NGC 3557,,eso377-16|pgc33871,,galaxy,Elliptical galaxy,G,Centaurus,167.49017,-37.53917,4.36,3.43,10.42,22.47,leda,,,1,,NGC3557
ngc3572,NGC 3572,NGC 3572,,mwsc1906,,open-cluster,Open cluster,OCl,Carina,167.58000,-60.24836,4.08,,6.60,18.28,derived,,,1,,NGC3572
ngc3576,NGC 3576,NGC 3576,Statue of Liberty Nebula,,,emission-nebula,HII region,HII,Carina,167.88196,-61.36300,3.00,3.00,,22.50,typical,,,1,,NGC3576
ngc3579,NGC 3579,NGC 3579,,,,emission-nebula,Nebula,Neb,Carina,167.99833,-61.24322,20.00,15.00,,22.50,typical,,,1,,NGC3579
ngc3583,NGC 3583,NGC 3583,,pgc34232|ugc6263,,galaxy,Spiral galaxy,G,Ursa Major,168.54537,48.31853,2.24,1.26,11.42,21.68,leda,,,1,,NGC3583
ngc3585,NGC 3585,NGC 3585,,eso502-25|pgc34160,,galaxy,Elliptical galaxy,G,Hydra,168.32121,-26.75483,6.61,3.27,9.69,22.62,leda,,,1,,NGC3585
ngc3590,NGC 3590,NGC 3590,,mwsc1920,,open-cluster,Open cluster,OCl,Carina,168.24571,-60.78903,5.10,,8.20,20.37,derived,,,1,,NGC3590
ngc3593,NGC 3593,NGC 3593,,pgc34257|ugc6272,,galaxy,Lenticular galaxy,G,Leo,168.65417,12.81767,4.69,1.85,10.91,22.88,leda,,,1,,NGC3593
ngc3596,NGC 3596,NGC 3596,,pgc34298|ugc6277,,galaxy,Spiral galaxy,G,Leo,168.77588,14.78703,3.55,3.37,11.22,22.67,leda,,,1,,NGC3596
ngc3603,NGC 3603,NGC 3603,,mwsc1926,,cluster-nebula,Cluster with nebula,Cl+N,Carina,168.77746,-61.26122,3.30,,,22.50,typical,,,1,,NGC3603
ngc3607,NGC 3607,NGC 3607,,pgc34426|ugc6297,,galaxy,Elliptical galaxy,G,Leo,169.22767,18.05175,4.59,4.03,10.00,22.06,leda,,,1,,NGC3607
ngc3608,NGC 3608,NGC 3608,,pgc34433|ugc6299,,galaxy,Elliptical galaxy,G,Leo,169.24563,18.14869,3.18,2.67,10.63,22.01,leda,,,1,,NGC3608
ngc3610,NGC 3610,NGC 3610,,pgc34566|ugc6319,,galaxy,Elliptical galaxy,G,Ursa Major,169.60529,58.78628,2.39,2.37,10.77,21.53,leda,,,1,,NGC3610
ngc3613,NGC 3613,NGC 3613,,pgc34583|ugc6323,,galaxy,Elliptical galaxy,G,Ursa Major,169.65046,58.00000,3.55,1.78,10.81,22.38,leda,,,1,,NGC3613
ngc3619,NGC 3619,NGC 3619,,pgc34641|ugc6330,,galaxy,Lenticular galaxy,G,Ursa Major,169.83983,57.75783,3.89,3.08,11.63,23.30,leda,,,1,,NGC3619
ngc3621,NGC 3621,NGC 3621,,eso377-37|pgc34554|ugca232,,galaxy,Spiral galaxy,G,Hydra,169.56879,-32.81406,9.79,4.03,9.55,22.48,leda,,,1,,NGC3621
ngc3626,NGC 3626 · NGC 3632 · C 40,NGC 3626,,ngc3632|c40|pgc34684|ugc6343,,galaxy,Lenticular galaxy,G,Leo,170.01587,18.35683,2.94,1.94,10.98,22.04,leda,,40,1,,NGC3626
ngc3628,NGC 3628,NGC 3628,Hamburger Galaxy,pgc34697|ugc6350,Leo Triplet,galaxy,Spiral galaxy,G,Leo,170.07071,13.58969,11.04,3.44,9.45,22.61,leda,,,1,,NGC3628
ngc3631,NGC 3631,NGC 3631,,pgc34767|ugc6360,,galaxy,Spiral galaxy,G,Ursa Major,170.26196,53.16956,3.72,3.08,10.14,21.58,leda,,,1,,NGC3631
ngc3640,NGC 3640,NGC 3640,,pgc34778|ugc6368,,galaxy,Elliptical galaxy,G,Leo,170.27854,3.23483,4.33,3.81,10.41,22.45,leda,,,1,,NGC3640
ngc3642,NGC 3642,NGC 3642,,pgc34889|ugc6385,,galaxy,Spiral galaxy,G,Ursa Major,170.57454,59.07453,4.27,3.65,11.14,22.91,leda,,,1,,NGC3642
ngc3646,NGC 3646,NGC 3646,,pgc34836|ugc6376,,galaxy,Spiral galaxy,G,Leo,170.42950,20.16956,3.09,1.48,11.20,21.81,leda,,,1,,NGC3646
ngc3665,NGC 3665,NGC 3665,,pgc35064|ugc6426,,galaxy,Lenticular galaxy,G,Ursa Major,171.18196,38.76286,4.06,3.00,10.83,22.60,leda,,,1,,NGC3665
ngc3672,NGC 3672,NGC 3672,,pgc35088|ugca235,,galaxy,Spiral galaxy,G,Crater,171.26029,-9.79539,2.90,1.69,11.34,21.95,leda,,,1,,NGC3672
ngc3673,NGC 3673,NGC 3673,,eso503-16|pgc35097|ugca236,,galaxy,Spiral galaxy,G,Hydra,171.30354,-26.73672,3.48,2.32,11.57,22.74,leda,,,1,,NGC3673
ngc3675,NGC 3675,NGC 3675,,pgc35164|ugc6439,,galaxy,Spiral galaxy,G,Ursa Major,171.53575,43.58592,5.90,3.27,10.09,22.26,leda,,,1,,NGC3675
ngc3680,NGC 3680,NGC 3680,,mwsc1942,,open-cluster,Open cluster,OCl,Centaurus,171.40450,-43.25011,5.70,,7.60,20.01,derived,,,1,,NGC3680
ngc3684,NGC 3684,NGC 3684,,pgc35224|ugc6453,,galaxy,Spiral galaxy,G,Leo,171.79667,17.03017,2.29,1.50,11.81,22.02,leda,,,1,,NGC3684
ngc3686,NGC 3686,NGC 3686,,pgc35268|ugc6460,,galaxy,Spiral galaxy,G,Leo,171.93321,17.22419,2.88,2.18,11.43,22.25,leda,,,1,,NGC3686
ngc3690b,NGC 3690B · NGC 3690E,NGC 3690B,,ngc3690e|pgc35321|ugc6472,,galaxy,Irregular galaxy,G,Ursa Major,172.14012,58.56294,2.40,1.86,11.23,21.66,leda,,,1,,NGC3690B
ngc3699,NGC 3699,NGC 3699,,eso129-21,,planetary-nebula,Planetary nebula,PN,Centaurus,171.98812,-59.95806,0.75,,11.30,19.30,derived,,,1,,NGC3699
ngc3705,NGC 3705,NGC 3705,,pgc35440|ugc6498,,galaxy,Spiral galaxy,G,Leo,172.53108,9.27664,4.31,1.74,10.97,22.30,leda,,,1,,NGC3705
ngc3706,NGC 3706,NGC 3706,,eso378-6|pgc35417,,galaxy,Elliptical galaxy,G,Centaurus,172.43512,-36.39131,3.10,2.10,11.30,22.48,leda,,,1,,NGC3706
ngc3717,NGC 3717,NGC 3717,,eso439-15|pgc35539|ugca238,,galaxy,Spiral galaxy,G,Hydra,172.88329,-30.30775,6.52,2.04,11.23,23.23,leda,,,1,,NGC3717
ngc3718,NGC 3718,NGC 3718,,pgc35616|ugc6524,,galaxy,Spiral galaxy,G,Ursa Major,173.14521,53.06792,4.70,2.34,10.70,22.47,leda,,,1,,NGC3718
ngc3726,NGC 3726,NGC 3726,,pgc35676|ugc6537,,galaxy,Spiral galaxy,G,Ursa Major,173.33800,47.02919,5.27,3.54,10.09,22.13,leda,,,1,,NGC3726
ngc3729,NGC 3729,NGC 3729,,pgc35711|ugc6547,,galaxy,Spiral galaxy,G,Ursa Major,173.45550,53.12556,2.89,2.09,10.97,21.84,leda,,,1,,NGC3729
ngc3735,NGC 3735,NGC 3735,,pgc35869|ugc6567,,galaxy,Spiral galaxy,G,Draco,173.98875,70.53558,3.54,0.80,11.77,22.05,leda,,,1,,NGC3735
ngc3738,NGC 3738,NGC 3738,,pgc35856|ugc6565,,galaxy,Irregular galaxy,G,Ursa Major,173.95329,54.52389,2.26,1.63,11.10,21.32,leda,,,1,,NGC3738
ngc3766,NGC 3766 · C 97,NGC 3766,Pearl Cluster,c97|mwsc1958,,open-cluster,Open cluster,OCl,Centaurus,174.05996,-61.60517,6.90,,5.30,18.12,derived,,97,1,,NGC3766
ngc3769,NGC 3769,NGC 3769,,pgc35999|ugc6595,,galaxy,Spiral galaxy,G,Ursa Major,174.43379,47.89308,2.82,0.89,11.77,21.94,leda,,,1,,NGC3769
ngc3780,NGC 3780,NGC 3780,,pgc36138|ugc6615,,galaxy,Spiral galaxy,G,Ursa Major,174.84317,56.27067,2.64,2.17,11.56,22.24,leda,,,1,,NGC3780
ngc3783,NGC 3783,NGC 3783,,eso378-14|pgc36101,,galaxy,Spiral galaxy,G,Centaurus,174.75733,-37.73867,2.15,1.94,11.67,22.02,leda,,,1,,NGC3783
ngc3810,NGC 3810,NGC 3810,,pgc36243|ugc6644,,galaxy,Spiral galaxy,G,Leo,175.24483,11.47114,3.35,2.29,10.75,21.79,leda,,,1,,NGC3810
ngc3813,NGC 3813,NGC 3813,,pgc36266|ugc6651,,galaxy,Spiral galaxy,G,Ursa Major,175.32775,36.54681,2.12,1.22,11.70,21.66,leda,,,1,,NGC3813
ngc3818,NGC 3818,NGC 3818,,pgc36304|ugca243,,galaxy,Elliptical galaxy,G,Virgo,175.48900,-6.15567,2.44,1.55,11.75,22.53,leda,,,1,,NGC3818
ngc3842,NGC 3842,NGC 3842,,pgc36487|ugc6704,,galaxy,Elliptical galaxy,G,Leo,176.00896,19.94981,2.14,1.49,11.84,22.35,leda,,,1,,NGC3842
ngc3872,NGC 3872,NGC 3872,,pgc36678|ugc6738,,galaxy,Elliptical galaxy,G,Leo,176.45442,13.76669,2.39,1.77,11.71,22.47,leda,,,1,,NGC3872
ngc3877,NGC 3877,NGC 3877,,pgc36699|ugc6745,,galaxy,Spiral galaxy,G,Ursa Major,176.53208,47.49433,5.36,1.23,11.00,22.21,leda,,,1,,NGC3877
ngc3882,NGC 3882,NGC 3882,,eso170-11|pgc36697,,galaxy,Spiral galaxy,G,Centaurus,176.52729,-56.38814,3.32,1.82,11.81,22.85,leda,,,1,,NGC3882
ngc3885,NGC 3885,NGC 3885,,eso440-7|pgc36737,,galaxy,Lenticular galaxy,G,Hydra,176.69371,-27.92217,2.74,1.11,11.87,22.62,leda,,,1,,NGC3885
ngc3887,NGC 3887,NGC 3887,,pgc36754|ugca246,,galaxy,Spiral galaxy,G,Crater,176.76904,-16.85461,3.27,2.57,10.93,22.07,leda,,,1,,NGC3887
ngc3892,NGC 3892,NGC 3892,,pgc36827,,galaxy,Lenticular galaxy,G,Crater,177.00413,-10.96206,3.08,2.70,11.91,23.10,leda,,,1,,NGC3892
ngc3893,NGC 3893,NGC 3893,,pgc36875|ugc6778,,galaxy,Spiral galaxy,G,Ursa Major,177.15913,48.71083,2.69,1.43,10.25,20.62,leda,,,1,,NGC3893
ngc3894,NGC 3894,NGC 3894,,pgc36889|ugc6779,,galaxy,Elliptical galaxy,G,Ursa Major,177.20983,59.41567,2.66,1.83,11.62,22.59,leda,,,1,,NGC3894
ngc3898,NGC 3898,NGC 3898,,pgc36921|ugc6787,,galaxy,Spiral galaxy,G,Ursa Major,177.31404,56.08436,3.47,2.11,10.72,21.87,leda,,,1,,NGC3898
ngc3900,NGC 3900,NGC 3900,,pgc36914|ugc6786,,galaxy,Lenticular galaxy,G,Leo,177.28942,27.02203,2.55,1.25,11.44,22.06,leda,,,1,,NGC3900
ngc3904,NGC 3904,NGC 3904,,eso440-13|pgc36918,,galaxy,Elliptical galaxy,G,Hydra,177.30508,-29.27675,3.47,2.51,10.79,22.35,leda,,,1,,NGC3904
ngc3917,NGC 3917,NGC 3917,,pgc37036|ugc6815,,galaxy,Spiral galaxy,G,Ursa Major,177.68929,51.82467,4.61,1.03,11.81,22.63,leda,,,1,,NGC3917
ngc3918,NGC 3918,NGC 3918,Blue Planetary,eso170-13,,planetary-nebula,Planetary nebula,PN,Centaurus,177.57479,-57.18233,0.32,,8.10,14.25,derived,,,1,,NGC3918
ngc3923,NGC 3923,NGC 3923,,eso440-17|pgc37061,,galaxy,Elliptical galaxy,G,Hydra,177.75704,-28.80603,6.89,4.55,9.60,22.64,leda,,,1,,NGC3923
ngc3938,NGC 3938,NGC 3938,,pgc37229|ugc6856,,galaxy,Spiral galaxy,G,Ursa Major,178.20604,44.12072,3.55,3.44,10.36,21.87,leda,,,1,,NGC3938
ngc3941,NGC 3941,NGC 3941,,pgc37235|ugc6857,,galaxy,Lenticular galaxy,G,Ursa Major,178.23067,36.98633,3.51,2.33,10.37,21.82,leda,,,1,,NGC3941
ngc3945,NGC 3945,NGC 3945,,pgc37258|ugc6860,,galaxy,Lenticular galaxy,G,Ursa Major,178.30721,60.67556,5.55,3.29,10.75,23.17,leda,,,1,,NGC3945
ngc3949,NGC 3949,NGC 3949,,pgc37290|ugc6869,,galaxy,Spiral galaxy,G,Ursa Major,178.42383,47.85869,2.26,1.32,10.89,20.98,leda,,,1,,NGC3949
ngc3953,NGC 3953,NGC 3953,,pgc37306|ugc6870,,galaxy,Spiral galaxy,G,Ursa Major,178.45383,52.32678,6.14,3.13,10.10,22.26,leda,,,1,,NGC3953
ngc3955,NGC 3955,NGC 3955,,eso504-26|pgc37320,,galaxy,Lenticular galaxy,G,Crater,178.48812,-23.16417,4.15,1.21,11.84,23.32,leda,,,1,,NGC3955
ngc3960,NGC 3960,NGC 3960,,mwsc1982,,open-cluster,Open cluster,OCl,Centaurus,177.63838,-55.66983,6.00,,8.30,20.82,derived,,,1,,NGC3960
ngc3962,NGC 3962,NGC 3962,,pgc37366|ugca253,,galaxy,Elliptical galaxy,G,Crater,178.66708,-13.97503,4.17,3.00,10.65,22.60,leda,,,1,,NGC3962
ngc3976,NGC 3976,NGC 3976,,pgc37483|ugc6906,,galaxy,Spiral galaxy,G,Virgo,178.98871,6.74944,3.13,0.90,11.70,22.05,leda,,,1,,NGC3976
ngc3981,NGC 3981,NGC 3981,,eso572-20|pgc37496|ugca255,,galaxy,Spiral galaxy,G,Crater,179.03104,-19.89617,3.32,2.11,11.65,22.63,leda,,,1,,NGC3981
ngc3982,NGC 3982,NGC 3982,,pgc37520|ugc6918,,galaxy,Spiral galaxy,G,Ursa Major,179.11721,55.12525,2.13,1.87,11.06,21.30,leda,,,1,,NGC3982
ngc3998,NGC 3998,NGC 3998,,pgc37642|ugc6946,,galaxy,Lenticular galaxy,G,Ursa Major,179.48388,55.45358,2.78,2.26,10.51,21.47,leda,,,1,,NGC3998
ngc4013,NGC 4013,NGC 4013,,pgc37691|ugc6963,,galaxy,Spiral galaxy,G,Ursa Major,179.63075,43.94658,4.89,1.23,11.31,22.68,leda,,,1,,NGC4013
ngc4026,NGC 4026,NGC 4026,,pgc37760|ugc6985,,galaxy,Lenticular galaxy,G,Ursa Major,179.85496,50.96169,4.41,0.87,10.78,22.62,leda,,,1,,NGC4026
ngc4027,NGC 4027,NGC 4027,,eso572-37|pgc37773|ugca260,,galaxy,Spiral galaxy,G,Corvus,179.87571,-19.26522,3.54,2.80,11.17,22.45,leda,,,1,,NGC4027
ngc4030,NGC 4030,NGC 4030,,pgc37845|ugc6993,,galaxy,Spiral galaxy,G,Virgo,180.09846,-1.10008,3.78,2.65,10.51,21.86,leda,,,1,,NGC4030
ngc4033,NGC 4033,NGC 4033,,eso572-42|pgc37863,,galaxy,Elliptical galaxy,G,Corvus,180.14475,-17.84261,2.59,1.30,11.79,22.69,leda,,,1,,NGC4033
ngc4036,NGC 4036,NGC 4036,,pgc37930|ugc7005,,galaxy,Lenticular galaxy,G,Ursa Major,180.36146,61.89578,4.85,2.08,10.84,22.96,leda,,,1,,NGC4036
ngc4038,NGC 4038 · C 60,NGC 4038,Antennae Galaxies,c60|eso572-47|pgc37967|ugca264,,galaxy,Irregular galaxy,G,Corvus,180.47088,-18.86761,5.42,3.78,10.20,22.29,leda,,60,1,,NGC4038
ngc4039,NGC 4039 · C 61,NGC 4039,Antennae Galaxies,c61|eso572-48|pgc37969|ugca265,,galaxy,Irregular galaxy,G,Corvus,180.47296,-18.88619,5.36,2.73,10.59,22.37,leda,,61,1,,NGC4039
ngc4041,NGC 4041,NGC 4041,,pgc37999|ugc7014,,galaxy,Spiral galaxy,G,Ursa Major,180.55083,62.13722,2.57,2.39,11.08,21.81,leda,,,1,,NGC4041
ngc4045,NGC 4045 · NGC 4046,NGC 4045,,ngc4046|pgc38031|ugc7021,,galaxy,Spiral galaxy,G,Virgo,180.67600,1.97681,2.55,1.58,11.81,22.33,leda,,,1,,NGC4045
ngc4051,NGC 4051,NGC 4051,,pgc38068|ugc7030,,galaxy,Spiral galaxy,G,Ursa Major,180.79004,44.53133,4.89,4.26,10.02,22.12,leda,,,1,,NGC4051
ngc4052,NGC 4052,NGC 4052,,mwsc1991,,open-cluster,Open cluster,OCl,Crux,180.52163,-63.22347,5.10,,8.80,20.97,derived,,,1,,NGC4052
ngc4062,NGC 4062,NGC 4062,,pgc38150|ugc7045,,galaxy,Spiral galaxy,G,Ursa Major,181.01596,31.89581,4.14,1.61,11.15,22.20,leda,,,1,,NGC4062
ngc4064,NGC 4064,NGC 4064,,pgc38167|ugc7054,,galaxy,Spiral galaxy,G,Coma Berenices,181.04650,18.44342,3.22,1.31,11.33,22.17,leda,,,1,,NGC4064
ngc4071,NGC 4071,NGC 4071,,eso94-12,,planetary-nebula,Planetary nebula,PN,Musca,181.06571,-67.31011,1.05,,13.00,21.73,derived,,,1,,NGC4071
ngc4073,NGC 4073,NGC 4073,,pgc38201|ugc7060,,galaxy,Elliptical galaxy,G,Virgo,181.11279,1.89597,2.09,1.70,11.51,22.00,leda,,,1,,NGC4073
ngc4085,NGC 4085,NGC 4085,,pgc38283|ugc7075,,galaxy,Spiral galaxy,G,Ursa Major,181.34463,50.35294,2.22,0.57,11.73,21.10,leda,,,1,,NGC4085
ngc4088,NGC 4088,NGC 4088,,pgc38302|ugc7081,,galaxy,Spiral galaxy,G,Ursa Major,181.39246,50.53903,7.01,2.65,10.60,22.70,leda,,,1,,NGC4088
ngc4096,NGC 4096,NGC 4096,,pgc38361|ugc7090,,galaxy,Spiral galaxy,G,Ursa Major,181.50471,47.47844,5.65,1.43,10.57,21.95,leda,,,1,,NGC4096
ngc4100,NGC 4100,NGC 4100,,pgc38370|ugc7095,,galaxy,Spiral galaxy,G,Ursa Major,181.53521,49.58269,4.56,1.30,11.09,22.17,leda,,,1,,NGC4100
ngc4102,NGC 4102,NGC 4102,,pgc38392|ugc7096,,galaxy,Spiral galaxy,G,Ursa Major,181.59579,52.71108,2.94,1.67,11.33,22.01,leda,,,1,,NGC4102
ngc4103,NGC 4103,NGC 4103,,mwsc1997,,open-cluster,Open cluster,OCl,Crux,181.66487,-61.25008,7.80,,7.40,20.49,derived,,,1,,NGC4103
ngc4105,NGC 4105,NGC 4105,,eso440-54|pgc38411,,galaxy,Elliptical galaxy,G,Hydra,181.66987,-29.76022,4.33,3.41,10.62,22.66,leda,,,1,,NGC4105
ngc4106,NGC 4106,NGC 4106,,eso440-56|pgc38417,,galaxy,Lenticular galaxy,G,Hydra,181.68667,-29.76831,4.14,3.33,11.30,23.11,leda,,,1,,NGC4106
ngc4123,NGC 4123,NGC 4123,,pgc38531|ugc7116,,galaxy,Spiral galaxy,G,Virgo,182.04629,2.87828,3.18,2.32,11.39,22.38,leda,,,1,,NGC4123
ngc4125,NGC 4125,NGC 4125,,pgc38524|ugc7118,,galaxy,Elliptical galaxy,G,Draco,182.02508,65.17414,5.87,4.58,9.71,22.41,leda,,,1,,NGC4125
ngc4128,NGC 4128,NGC 4128,,pgc38555|ugc7120,,galaxy,Lenticular galaxy,G,Draco,182.13471,68.76761,2.21,0.67,11.96,22.34,leda,,,1,,NGC4128
ngc4136,NGC 4136,NGC 4136,,pgc38618|ugc7134,,galaxy,Spiral galaxy,G,Coma Berenices,182.32371,29.92761,2.34,2.18,11.33,22.02,leda,,,1,,NGC4136
ngc4138,NGC 4138,NGC 4138,,pgc38643|ugc7139,,galaxy,Lenticular galaxy,G,Canes Venatici,182.37408,43.68531,2.92,1.64,11.80,22.81,leda,,,1,,NGC4138
ngc4143,NGC 4143,NGC 4143,,pgc38654|ugc7142,,galaxy,Lenticular galaxy,G,Canes Venatici,182.40025,42.53417,2.73,1.68,10.93,21.82,leda,,,1,,NGC4143
ngc4144,NGC 4144,NGC 4144,,pgc38688|ugc7151,,galaxy,Spiral galaxy,G,Ursa Major,182.49417,46.45717,5.24,1.00,11.61,22.58,leda,,,1,,NGC4144
ngc4145,NGC 4145,NGC 4145,,pgc38693|ugc7154,,galaxy,Spiral galaxy,G,Canes Venatici,182.50633,39.88386,4.62,2.11,11.22,22.63,leda,,,1,,NGC4145
ngc4147,NGC 4147 · NGC 4153,NGC 4147,,ngc4153|mwsc2004,,globular-cluster,Globular cluster,GCl,Coma Berenices,182.52571,18.54214,2.40,,10.74,21.27,derived,,,1,,NGC4147
ngc4151,NGC 4151,NGC 4151,,pgc38739|ugc7166,,galaxy,Spiral galaxy,G,Canes Venatici,182.63575,39.40572,2.88,2.21,10.61,21.48,leda,,,1,,NGC4151
ngc4157,NGC 4157,NGC 4157,,pgc38795|ugc7183,,galaxy,Spiral galaxy,G,Ursa Major,182.76821,50.48467,6.22,1.14,11.29,22.85,leda,,,1,,NGC4157
ngc4162,NGC 4162,NGC 4162,,pgc38851|ugc7193,,galaxy,Spiral galaxy,G,Coma Berenices,182.96863,24.12367,2.28,1.37,11.70,21.82,leda,,,1,,NGC4162
ngc4168,NGC 4168,NGC 4168,,pgc38890|ugc7203,,galaxy,Elliptical galaxy,G,Virgo,183.07196,13.20519,2.92,2.28,11.45,22.63,leda,,,1,,NGC4168
ngc4178,NGC 4178 · IC 3042,NGC 4178,,ic3042|pgc38943|ugc7215,,galaxy,Spiral galaxy,G,Virgo,183.19354,10.86597,4.66,1.24,11.43,22.38,leda,,,1,,NGC4178
ngc4179,NGC 4179,NGC 4179,,pgc38950|ugc7214,,galaxy,Lenticular galaxy,G,Virgo,183.21712,1.29969,4.48,1.22,10.93,22.83,leda,,,1,,NGC4179
ngc4189,NGC 4189 · IC 3050,NGC 4189,,ic3050|pgc39025|ugc7235,,galaxy,Spiral galaxy,G,Coma Berenices,183.44696,13.42481,2.20,1.79,11.84,22.11,leda,,,1,,NGC4189
ngc4203,NGC 4203,NGC 4203,,pgc39158|ugc7256,,galaxy,Elliptical galaxy,G,Coma Berenices,183.77108,33.19733,3.42,1.43,10.77,22.13,leda,,,1,,NGC4203
ngc4208,NGC 4208 · NGC 4212,NGC 4208,,ngc4212|pgc39224|ugc7275,,galaxy,Spiral galaxy,G,Coma Berenices,183.91400,13.90150,2.80,1.69,11.10,21.66,leda,,,1,,NGC4208
ngc4214,NGC 4214 · NGC 4228,NGC 4214,,ngc4228|pgc39225|ugc7278,,galaxy,Irregular galaxy,G,Canes Venatici,183.91321,36.32689,6.79,5.28,9.77,22.44,leda,,,1,,NGC4214
ngc4216,NGC 4216,NGC 4216,,pgc39246|ugc7284,,galaxy,Spiral galaxy,G,Virgo,183.97683,13.14939,7.82,1.84,9.93,22.18,leda,,,1,,NGC4216
ngc4217,NGC 4217,NGC 4217,,pgc39241|ugc7282,,galaxy,Spiral galaxy,G,Canes Venatici,183.96208,47.09178,5.43,1.61,11.23,22.82,leda,,,1,,NGC4217
ngc4219,NGC 4219,NGC 4219,,eso267-37|pgc39315,,galaxy,Spiral galaxy,G,Centaurus,184.11383,-43.32425,3.75,1.23,11.83,22.60,leda,,,1,,NGC4219
ngc4220,NGC 4220,NGC 4220,,pgc39285|ugc7290,,galaxy,Lenticular galaxy,G,Canes Venatici,184.04879,47.88325,3.30,0.99,11.33,22.46,leda,,,1,,NGC4220
ngc4223,NGC 4223 · IC 3102,NGC 4223,,ic3102|pgc39412|ugc7319,,galaxy,Lenticular galaxy,G,Virgo,184.35754,6.69008,2.02,1.25,11.95,22.18,leda,,,1,,NGC4223
ngc4224,NGC 4224,NGC 4224,,pgc39328|ugc7292,,galaxy,Spiral galaxy,G,Virgo,184.14079,7.46208,2.90,1.17,11.77,22.41,leda,,,1,,NGC4224
ngc4233,NGC 4233,NGC 4233,,pgc39384|ugc7311,,galaxy,Lenticular galaxy,G,Virgo,184.28200,7.62439,2.34,0.98,11.94,22.47,leda,,,1,,NGC4233
ngc4235,NGC 4235 · IC 3098,NGC 4235,,ic3098|pgc39389|ugc7310,,galaxy,Spiral galaxy,G,Virgo,184.29117,7.19158,4.41,0.89,11.97,23.29,leda,,,1,,NGC4235
ngc4236,NGC 4236 · C 3,NGC 4236,,c3|pgc39346|ugc7306,,galaxy,Spiral galaxy,G,Draco,184.17550,69.46258,23.50,6.85,9.49,24.01,leda,,3,1,,NGC4236
ngc4242,NGC 4242,NGC 4242,,pgc39423|ugc7323,,galaxy,Spiral galaxy,G,Canes Venatici,184.37575,45.61931,3.80,2.67,11.03,22.36,leda,,,1,,NGC4242
ngc4244,NGC 4244 · C 26,NGC 4244,Silver Needle Galaxy,c26|pgc39422|ugc7322,,galaxy,Spiral galaxy,G,Canes Venatici,184.37358,37.80711,16.22,7.24,9.87,24.00,leda,,26,1,,NGC4244
ngc4245,NGC 4245,NGC 4245,,pgc39437|ugc7328,,galaxy,Lenticular galaxy,G,Coma Berenices,184.40321,29.60800,2.55,1.62,11.42,22.07,leda,,,1,,NGC4245
ngc4251,NGC 4251,NGC 4251,,pgc39492|ugc7338,,galaxy,Lenticular galaxy,G,Coma Berenices,184.53438,28.17539,2.34,1.23,10.77,21.33,leda,,,1,,NGC4251
ngc4256,NGC 4256,NGC 4256,,pgc39568|ugc7351,,galaxy,Spiral galaxy,G,Draco,184.67954,65.89825,3.87,0.76,11.93,22.56,leda,,,1,,NGC4256
ngc4260,NGC 4260,NGC 4260,,pgc39656|ugc7361,,galaxy,Spiral galaxy,G,Virgo,184.84267,6.09867,2.51,1.15,11.55,21.94,leda,,,1,,NGC4260
ngc4261,NGC 4261,NGC 4261,,pgc39659|ugc7360,,galaxy,Elliptical galaxy,G,Virgo,184.84675,5.82522,4.25,3.35,10.23,22.23,leda,,,1,,NGC4261
ngc4267,NGC 4267,NGC 4267,,pgc39710|ugc7373,,galaxy,Elliptical galaxy,G,Virgo,184.93850,12.79828,2.55,1.76,10.89,21.65,leda,,,1,,NGC4267
ngc4273,NGC 4273,NGC 4273,,pgc39738|ugc7380,,galaxy,Spiral galaxy,G,Virgo,184.98367,5.34333,2.19,1.95,11.80,22.15,leda,,,1,,NGC4273
ngc4274,NGC 4274,NGC 4274,,pgc39724|ugc7377,,galaxy,Spiral galaxy,G,Coma Berenices,184.96079,29.61447,3.63,1.70,10.42,21.54,leda,,,1,,NGC4274
ngc4278,NGC 4278,NGC 4278,,pgc39764|ugc7386,,galaxy,Elliptical galaxy,G,Coma Berenices,185.02842,29.28075,2.89,2.83,10.21,21.39,leda,,,1,,NGC4278
ngc4281,NGC 4281,NGC 4281,,pgc39801|ugc7389,,galaxy,Lenticular galaxy,G,Virgo,185.08967,5.38639,2.85,1.43,11.31,22.27,leda,,,1,,NGC4281
ngc4293,NGC 4293,NGC 4293,,pgc39907|ugc7405,,galaxy,Lenticular galaxy,G,Coma Berenices,185.30371,18.38239,6.24,3.72,10.17,22.71,leda,,,1,,NGC4293
ngc4298,NGC 4298,NGC 4298,,pgc39950|ugc7412,,galaxy,Spiral galaxy,G,Coma Berenices,185.38650,14.60617,2.54,1.40,11.35,21.62,leda,,,1,,NGC4298
ngc4302,NGC 4302,NGC 4302,,pgc39974|ugc7418,,galaxy,Spiral galaxy,G,Coma Berenices,185.42700,14.59831,6.00,1.13,11.54,22.83,leda,,,1,,NGC4302
ngc4304,NGC 4304,NGC 4304,,eso380-20|pgc40055,,galaxy,Spiral galaxy,G,Hydra,185.55300,-33.48450,2.48,2.43,11.77,22.48,leda,,,1,,NGC4304
ngc4307,NGC 4307,NGC 4307,,pgc40033|ugc7431,,galaxy,Spiral galaxy,G,Virgo,185.52367,9.04364,3.44,0.81,11.96,22.39,leda,,,1,,NGC4307
ngc4312,NGC 4312,NGC 4312,,pgc40095|ugc7442,,galaxy,Spiral galaxy,G,Coma Berenices,185.63067,15.53792,5.02,1.15,11.70,23.12,leda,,,1,,NGC4312
ngc4313,NGC 4313,NGC 4313,,pgc40105|ugc7445,,galaxy,Spiral galaxy,G,Virgo,185.66058,11.80094,3.80,0.99,11.67,22.54,leda,,,1,,NGC4313
ngc4314,NGC 4314,NGC 4314,,pgc40097|ugc7443,,galaxy,Spiral galaxy,G,Coma Berenices,185.63258,29.89589,3.70,3.56,10.57,22.13,leda,,,1,,NGC4314
ngc4324,NGC 4324,NGC 4324,,pgc40179|ugc7451,,galaxy,Lenticular galaxy,G,Virgo,185.77575,5.25033,2.96,1.21,11.50,22.52,leda,,,1,,NGC4324
ngc4337,NGC 4337,NGC 4337,,mwsc2023,,open-cluster,Open cluster,OCl,Crux,186.01379,-58.12378,6.60,,8.90,21.63,derived,,,1,,NGC4337
ngc4339,NGC 4339,NGC 4339,,pgc40240|ugc7461,,galaxy,Elliptical galaxy,G,Virgo,185.89562,6.08175,2.32,2.20,11.41,22.12,leda,,,1,,NGC4339
ngc4340,NGC 4340,NGC 4340,,pgc40245|ugc7467,,galaxy,Lenticular galaxy,G,Coma Berenices,185.89704,16.72236,2.82,1.79,11.15,22.10,leda,,,1,,NGC4340
ngc4346,NGC 4346,NGC 4346,,pgc40228|ugc7463,,galaxy,Lenticular galaxy,G,Canes Venatici,185.86642,46.99383,3.13,1.13,11.24,22.39,leda,,,1,,NGC4346
ngc4349,NGC 4349,NGC 4349,,mwsc2024,,open-cluster,Open cluster,OCl,Crux,186.02517,-61.87044,6.30,,7.40,20.03,derived,,,1,,NGC4349
ngc4350,NGC 4350,NGC 4350,,pgc40295|ugc7473,,galaxy,Lenticular galaxy,G,Coma Berenices,185.99113,16.69342,2.80,1.33,10.87,21.81,leda,,,1,,NGC4350
ngc4361,NGC 4361,NGC 4361,,eso573-19,,planetary-nebula,Planetary nebula,PN,Corvus,186.12817,-18.78483,1.05,,10.90,19.63,derived,,,1,,NGC4361
ngc4365,NGC 4365,NGC 4365,,pgc40375|ugc7488,,galaxy,Elliptical galaxy,G,Virgo,186.11783,7.31767,5.12,3.66,9.43,21.83,leda,,,1,,NGC4365
ngc4371,NGC 4371,NGC 4371,,pgc40442|ugc7493,,galaxy,Lenticular galaxy,G,Virgo,186.23096,11.70422,3.88,1.81,10.83,22.45,leda,,,1,,NGC4371
ngc4372,NGC 4372 · C 108,NGC 4372,,c108|mwsc2029,,globular-cluster,Globular cluster,GCl,Musca,186.43908,-72.65908,12.00,,,21.00,typical,,108,1,,NGC4372
ngc4373,NGC 4373,NGC 4373,,eso322-6|pgc40498,,galaxy,Elliptical galaxy,G,Centaurus,186.32425,-39.75972,3.98,2.11,10.92,22.63,leda,,,1,,NGC4373
ngc4378,NGC 4378,NGC 4378,,pgc40490|ugc7497,,galaxy,Spiral galaxy,G,Virgo,186.32542,4.92514,2.09,1.93,11.29,21.59,leda,,,1,,NGC4378
ngc4380,NGC 4380,NGC 4380,,pgc40507|ugc7503,,galaxy,Spiral galaxy,G,Virgo,186.34238,10.01681,3.35,1.78,11.29,22.24,leda,,,1,,NGC4380
ngc4386,NGC 4386,NGC 4386,,pgc40378|ugc7491,,galaxy,Lenticular galaxy,G,Draco,186.11813,75.52892,2.52,1.44,11.69,22.41,leda,,,1,,NGC4386
ngc4388,NGC 4388,NGC 4388,,pgc40581|ugc7520,,galaxy,Spiral galaxy,G,Virgo,186.44479,12.66208,5.38,1.29,11.02,22.49,leda,,,1,,NGC4388
ngc4389,NGC 4389,NGC 4389,,pgc40537|ugc7514,,galaxy,Spiral galaxy,G,Canes Venatici,186.39625,45.68467,2.51,1.67,11.98,22.41,leda,,,1,,NGC4389
ngc4394,NGC 4394,NGC 4394,,pgc40614|ugc7523,,galaxy,Spiral galaxy,G,Coma Berenices,186.48137,18.21406,3.48,3.35,11.03,22.45,leda,,,1,,NGC4394
ngc4395,NGC 4395,NGC 4395,,pgc40596|ugc7524,,galaxy,Irregular galaxy,G,Canes Venatici,186.45358,33.54692,4.17,1.39,10.29,21.16,leda,,,1,,NGC4395
ngc4402,NGC 4402,NGC 4402,,pgc40644|ugc7528,,galaxy,Spiral galaxy,G,Virgo,186.53187,13.11333,3.52,1.00,11.78,22.38,leda,,,1,,NGC4402
ngc4414,NGC 4414,NGC 4414,,pgc40692|ugc7539,,galaxy,Spiral galaxy,G,Coma Berenices,186.61292,31.22353,1.95,1.12,10.20,19.93,leda,,,1,,NGC4414
ngc4417,NGC 4417,NGC 4417,,pgc40756|ugc7542,,galaxy,Lenticular galaxy,G,Virgo,186.71087,9.58425,3.09,1.09,11.22,22.34,leda,,,1,,NGC4417
ngc4419,NGC 4419,NGC 4419,,pgc40772|ugc7551,,galaxy,Spiral galaxy,G,Coma Berenices,186.73517,15.04739,3.89,1.30,11.06,22.25,leda,,,1,,NGC4419
ngc4421,NGC 4421,NGC 4421,,pgc40785|ugc7554,,galaxy,Lenticular galaxy,G,Coma Berenices,186.76058,15.46147,2.59,1.97,11.42,22.19,leda,,,1,,NGC4421
ngc4424,NGC 4424,NGC 4424,,pgc40809|ugc7561,,galaxy,Spiral galaxy,G,Virgo,186.79837,9.42067,3.04,1.57,11.68,22.53,leda,,,1,,NGC4424
ngc4425,NGC 4425,NGC 4425,,pgc40816|ugc7562,,galaxy,Lenticular galaxy,G,Virgo,186.80554,12.73472,3.08,1.26,11.95,23.05,leda,,,1,,NGC4425
ngc4429,NGC 4429,NGC 4429,,pgc40850|ugc7568,,galaxy,Lenticular galaxy,G,Virgo,186.86046,11.10772,5.30,2.42,10.08,22.37,leda,,,1,,NGC4429
ngc4430,NGC 4430,NGC 4430,,pgc40851|ugc7566,,galaxy,Spiral galaxy,G,Virgo,186.86004,6.26278,2.02,1.50,11.90,21.94,leda,,,1,,NGC4430
ngc4435,NGC 4435,NGC 4435,Eyes,pgc40898|ugc7575,Markarian's Chain,galaxy,Lenticular galaxy,G,Virgo,186.91871,13.07894,3.03,2.14,10.96,22.09,leda,,,1,,NGC4435
ngc4438,NGC 4438,NGC 4438,Eyes,pgc40914|ugc7574,Markarian's Chain,galaxy,Spiral galaxy,G,Virgo,186.93996,13.00883,9.16,4.02,10.22,23.46,leda,,,1,,NGC4438
ngc4439,NGC 4439,NGC 4439,,mwsc2035,,open-cluster,Open cluster,OCl,Crux,187.10979,-60.10322,4.50,,8.40,20.29,derived,,,1,,NGC4439
ngc4442,NGC 4442,NGC 4442,,pgc40950|ugc7583,,galaxy,Lenticular galaxy,G,Virgo,187.01617,9.80372,4.32,1.61,10.60,22.46,leda,,,1,,NGC4442
ngc4449,NGC 4449 · C 21,NGC 4449,,c21|pgc40973|ugc7592,,galaxy,Irregular galaxy,G,Canes Venatici,187.04625,44.09364,4.66,2.71,9.05,20.65,leda,,21,1,,NGC4449
ngc4450,NGC 4450,NGC 4450,,pgc41024|ugc7594,,galaxy,Spiral galaxy,G,Coma Berenices,187.12346,17.08494,5.46,3.78,10.06,22.24,leda,,,1,,NGC4450
ngc4452,NGC 4452,NGC 4452,,pgc41060|ugc7601,,galaxy,Lenticular galaxy,G,Virgo,187.18046,11.75503,3.36,0.60,11.90,23.14,leda,,,1,,NGC4452
ngc4454,NGC 4454,NGC 4454,,pgc41083|ugc7606,,galaxy,Lenticular galaxy,G,Virgo,187.21146,-1.93919,2.17,1.99,11.93,22.31,leda,,,1,,NGC4454
ngc4457,NGC 4457,NGC 4457,,pgc41101|ugc7609,,galaxy,Lenticular galaxy,G,Virgo,187.24588,3.57058,2.79,2.37,10.57,21.49,leda,,,1,,NGC4457
ngc4459,NGC 4459,NGC 4459,,pgc41104|ugc7614,,galaxy,Lenticular galaxy,G,Coma Berenices,187.25004,13.97836,4.17,3.16,10.25,22.08,leda,,,1,,NGC4459
ngc4460,NGC 4460,NGC 4460,,pgc41069|ugc7611,,galaxy,Lenticular galaxy,G,Canes Venatici,187.18983,44.86422,3.93,1.05,11.50,23.15,leda,,,1,,NGC4460
ngc4461,NGC 4461 · NGC 4443,NGC 4461,,ngc4443|pgc41111|ugc7613,Markarian's Chain,galaxy,Lenticular galaxy,G,Virgo,187.26254,13.18375,3.61,1.23,11.02,22.45,leda,,,1,,NGC4461
ngc4462,NGC 4462,NGC 4462,,eso506-13|pgc41150,,galaxy,Spiral galaxy,G,Corvus,187.33842,-23.16636,3.60,1.33,11.85,22.77,leda,,,1,,NGC4462
ngc4463,NGC 4463,NGC 4463,,mwsc2042,,open-cluster,Open cluster,OCl,Musca,187.48008,-64.78967,4.80,,7.20,19.23,derived,,,1,,NGC4463
ngc4469,NGC 4469,NGC 4469,,pgc41164|ugc7622,,galaxy,Lenticular galaxy,G,Virgo,187.36679,8.74992,2.86,1.05,11.04,21.77,leda,,,1,,NGC4469
ngc4473,NGC 4473,NGC 4473,,pgc41228|ugc7631,Markarian's Chain,galaxy,Elliptical galaxy,G,Coma Berenices,187.45362,13.42936,4.27,2.51,10.09,22.07,leda,,,1,,NGC4473
ngc4474,NGC 4474,NGC 4474,,pgc41241|ugc7634,,galaxy,Lenticular galaxy,G,Coma Berenices,187.47312,14.06858,2.33,1.57,11.56,22.13,leda,,,1,,NGC4474
ngc4477,NGC 4477,NGC 4477,,pgc41260|ugc7638,Markarian's Chain,galaxy,Lenticular galaxy,G,Coma Berenices,187.50917,13.63661,3.70,3.22,10.31,21.90,leda,,,1,,NGC4477
ngc4485,NGC 4485,NGC 4485,,pgc41326|ugc7648,,galaxy,Irregular galaxy,G,Canes Venatici,187.62971,41.70117,2.01,1.34,11.88,21.77,leda,,,1,,NGC4485
ngc4487,NGC 4487,NGC 4487,,pgc41399,,galaxy,Spiral galaxy,G,Virgo,187.76858,-8.05392,3.46,1.90,11.45,22.42,leda,,,1,,NGC4487
ngc4490,NGC 4490,NGC 4490,,pgc41333|ugc7651,,galaxy,Spiral galaxy,G,Canes Venatici,187.65100,41.64389,6.71,1.65,9.19,20.86,leda,,,1,,NGC4490
ngc4492,NGC 4492 · IC 3438,NGC 4492,,ic3438|pgc41383|ugc7656,,galaxy,Spiral galaxy,G,Virgo,187.74879,8.07786,2.11,1.86,11.99,22.30,leda,,,1,,NGC4492
ngc4494,NGC 4494,NGC 4494,,pgc41441|ugc7662,,galaxy,Elliptical galaxy,G,Coma Berenices,187.85042,25.77525,4.35,4.13,9.80,21.87,leda,,,1,,NGC4494
ngc4496a,NGC 4496A · NGC 4505,NGC 4496A,,ngc4505|pgc41471,,galaxy,Spiral galaxy,G,Virgo,187.91338,3.93947,3.37,2.78,11.59,22.80,leda,,,1,,NGC4496A
ngc4503,NGC 4503,NGC 4503,,pgc41538|ugc7680,,galaxy,Lenticular galaxy,G,Virgo,188.02596,11.17642,3.48,1.58,10.97,22.36,leda,,,1,,NGC4503
ngc4504,NGC 4504,NGC 4504,,pgc41555,,galaxy,Spiral galaxy,G,Virgo,188.07271,-7.56344,3.18,1.97,11.61,22.51,leda,,,1,,NGC4504
ngc4517,NGC 4517 · NGC 4437,NGC 4517,,ngc4437|pgc41618|ugc7694,,galaxy,Spiral galaxy,G,Virgo,188.18996,0.11503,9.02,1.42,10.48,22.47,leda,,,1,,NGC4517
ngc4519,NGC 4519,NGC 4519,,pgc41719|ugc7709,,galaxy,Spiral galaxy,G,Virgo,188.37604,8.65475,2.33,1.77,12.00,22.34,leda,,,1,,NGC4519
ngc4526,NGC 4526 · NGC 4560,NGC 4526,,ngc4560|pgc41772|ugc7718,,galaxy,Lenticular galaxy,G,Virgo,188.51288,7.69953,9.64,3.32,9.59,22.47,leda,,,1,,NGC4526
ngc4527,NGC 4527,NGC 4527,,pgc41789|ugc7721,,galaxy,Spiral galaxy,G,Virgo,188.53508,2.65367,6.30,1.72,10.50,22.27,leda,,,1,,NGC4527
ngc4531,NGC 4531,NGC 4531,,pgc41806|ugc7729,,galaxy,Lenticular galaxy,G,Virgo,188.56621,13.07533,3.03,1.97,11.46,22.50,leda,,,1,,NGC4531
ngc4532,NGC 4532,NGC 4532,,pgc41811|ugc7726,,galaxy,Irregular galaxy,G,Virgo,188.58054,6.46769,2.49,0.88,11.92,21.71,leda,,,1,,NGC4532
ngc4535,NGC 4535,NGC 4535,,pgc41812|ugc7727,,galaxy,Spiral galaxy,G,Virgo,188.58463,8.19775,8.15,7.48,9.89,23.12,leda,,,1,,NGC4535
ngc4536,NGC 4536,NGC 4536,,pgc41823|ugc7732,,galaxy,Spiral galaxy,G,Virgo,188.61271,2.18814,7.08,2.55,10.48,22.67,leda,,,1,,NGC4536
ngc4540,NGC 4540,NGC 4540,,pgc41876|ugc7742,,galaxy,Spiral galaxy,G,Coma Berenices,188.71196,15.55172,2.19,1.83,11.74,22.04,leda,,,1,,NGC4540
ngc4546,NGC 4546,NGC 4546,,pgc41939|ugca288,,galaxy,Elliptical galaxy,G,Virgo,188.87296,-3.79319,3.16,1.76,10.57,21.79,leda,,,1,,NGC4546
ngc4559,NGC 4559 · C 36,NGC 4559,,c36|pgc42002|ugc7766,,galaxy,Spiral galaxy,G,Coma Berenices,188.99021,27.96000,10.57,4.82,9.92,23.12,leda,,36,1,,NGC4559
ngc4564,NGC 4564,NGC 4564,,pgc42051|ugc7773,,galaxy,Elliptical galaxy,G,Virgo,189.11242,11.43928,3.13,1.68,11.26,22.56,leda,,,1,,NGC4564
ngc4565,NGC 4565 · C 38,NGC 4565,Needle Galaxy,c38|pgc42038|ugc7772,,galaxy,Spiral galaxy,G,Coma Berenices,189.08658,25.98767,16.75,2.89,9.30,23.00,leda,,38,1,,NGC4565
ngc4567,NGC 4567,NGC 4567,Butterfly Galaxies|Siamese Twins,pgc42064|ugc7777,,galaxy,Spiral galaxy,G,Virgo,189.13629,11.25800,2.74,2.15,11.32,22.06,leda,,,1,,NGC4567
ngc4568,NGC 4568,NGC 4568,Butterfly Galaxies|Siamese Twins,pgc42069|ugc7776,,galaxy,Spiral galaxy,G,Virgo,189.14275,11.23889,4.31,1.87,10.80,22.07,leda,,,1,,NGC4568
ngc4570,NGC 4570,NGC 4570,,pgc42096|ugc7785,,galaxy,Lenticular galaxy,G,Virgo,189.22250,7.24664,3.88,0.94,11.11,22.70,leda,,,1,,NGC4570
ngc4571,NGC 4571 · IC 3588,NGC 4571,,ic3588|pgc42100|ugc7788,,galaxy,Spiral galaxy,G,Coma Berenices,189.23492,14.21736,3.56,3.31,11.29,22.73,leda,,,1,,NGC4571
ngc4578,NGC 4578,NGC 4578,,pgc42149|ugc7793,,galaxy,Lenticular galaxy,G,Virgo,189.37733,9.55508,2.50,1.75,11.40,22.12,leda,,,1,,NGC4578
ngc4586,NGC 4586,NGC 4586,,pgc42241|ugc7804,,galaxy,Spiral galaxy,G,Virgo,189.61833,4.31908,3.43,1.12,11.58,22.48,leda,,,1,,NGC4586
ngc4589,NGC 4589,NGC 4589,,pgc42139|ugc7797,,galaxy,Elliptical galaxy,G,Draco,189.35413,74.19192,2.93,2.31,10.74,21.94,leda,,,1,,NGC4589
ngc4592,NGC 4592,NGC 4592,,pgc42336|ugc7819,,galaxy,Spiral galaxy,G,Virgo,189.82808,-0.53200,4.10,1.17,11.88,22.60,leda,,,1,,NGC4592
ngc4593,NGC 4593,NGC 4593,,pgc42375,,galaxy,Spiral galaxy,G,Virgo,189.91429,-5.34425,2.40,2.04,11.43,22.23,leda,,,1,,NGC4593
ngc4596,NGC 4596,NGC 4596,,pgc42401|ugc7828,,galaxy,Lenticular galaxy,G,Virgo,189.98313,10.17614,3.93,3.30,10.46,22.15,leda,,,1,,NGC4596
ngc4603,NGC 4603,NGC 4603,,eso322-52|pgc42510,,galaxy,Spiral galaxy,G,Centaurus,190.23004,-40.97639,2.60,1.84,11.67,22.20,leda,,,1,,NGC4603
ngc4605,NGC 4605,NGC 4605,,pgc42408|ugc7831,,galaxy,Spiral galaxy,G,Ursa Major,189.99742,61.60919,5.87,2.29,10.26,22.07,leda,,,1,,NGC4605
ngc4606,NGC 4606,NGC 4606,,pgc42516|ugc7839,,galaxy,Spiral galaxy,G,Virgo,190.23975,11.91222,2.47,1.36,11.90,22.37,leda,,,1,,NGC4606
ngc4608,NGC 4608,NGC 4608,,pgc42545|ugc7842,,galaxy,Lenticular galaxy,G,Virgo,190.30537,10.15567,2.88,2.49,11.08,22.13,leda,,,1,,NGC4608
ngc4609,NGC 4609 · C 98,NGC 4609,Coalsack Cluster,c98|mwsc2062,,open-cluster,Open cluster,OCl,Crux,190.57012,-62.99575,5.40,,6.90,19.19,derived,,98,1,,NGC4609
ngc4612,NGC 4612,NGC 4612,,pgc42574|ugc7850,,galaxy,Lenticular galaxy,G,Virgo,190.38646,7.31489,2.57,1.77,11.20,21.98,leda,,,1,,NGC4612
ngc4618,NGC 4618 · IC 3667,NGC 4618,,ic3667|pgc42575|ugc7853,,galaxy,Irregular galaxy,G,Canes Venatici,190.38688,41.15078,3.56,2.29,10.78,21.88,leda,,,1,,NGC4618
ngc4631,NGC 4631 · C 32,NGC 4631,Whale Galaxy,c32|pgc42637|ugc7865,,galaxy,Spiral galaxy,G,Canes Venatici,190.53337,32.54150,14.45,2.20,8.90,21.87,leda,,32,1,,NGC4631
ngc4632,NGC 4632,NGC 4632,,pgc42689|ugc7870,,galaxy,Spiral galaxy,G,Virgo,190.63346,-0.08261,2.56,0.98,11.86,21.86,leda,,,1,,NGC4632
ngc4636,NGC 4636,NGC 4636,,pgc42734|ugc7878,,galaxy,Elliptical galaxy,G,Virgo,190.70762,2.68778,6.35,4.70,9.09,21.96,leda,,,1,,NGC4636
ngc4638,NGC 4638 · NGC 4667,NGC 4638,,ngc4667|pgc42728|ugc7880,,galaxy,Elliptical galaxy,G,Virgo,190.69758,11.44250,2.31,1.50,11.12,21.66,leda,,,1,,NGC4638
ngc4639,NGC 4639,NGC 4639,,pgc42741|ugc7884,,galaxy,Spiral galaxy,G,Virgo,190.71829,13.25739,2.87,1.88,11.60,22.31,leda,,,1,,NGC4639
ngc4643,NGC 4643,NGC 4643,,pgc42797|ugc7895,,galaxy,Lenticular galaxy,G,Virgo,190.83392,1.97828,2.24,1.75,10.65,21.11,leda,,,1,,NGC4643
ngc4647,NGC 4647,NGC 4647,,pgc42816|ugc7896,,galaxy,Spiral galaxy,G,Virgo,190.88462,11.58186,2.75,2.36,11.03,21.84,leda,,,1,,NGC4647
ngc4650,NGC 4650,NGC 4650,,eso322-67|pgc42891,,galaxy,Lenticular galaxy,G,Centaurus,191.08162,-40.73181,3.05,2.04,11.80,22.82,leda,,,1,,NGC4650
ngc4651,NGC 4651,NGC 4651,Umbrella Galaxy,pgc42833|ugc7901,,galaxy,Spiral galaxy,G,Coma Berenices,190.92763,16.39339,3.87,2.58,10.82,22.16,leda,,,1,,NGC4651
ngc4654,NGC 4654,NGC 4654,,pgc42857|ugc7902,,galaxy,Spiral galaxy,G,Virgo,190.98575,13.12667,4.72,2.49,10.49,22.05,leda,,,1,,NGC4654
ngc4656,NGC 4656,NGC 4656,Hockey Stick Galaxy,ngc4656-ned01|pgc42863,,galaxy,Irregular galaxy,G,Canes Venatici,190.99029,32.17025,6.46,0.66,9.37,20.17,leda,,,1,,NGC4656 NED01
ngc4660,NGC 4660,NGC 4660,,pgc42917|ugc7914,,galaxy,Elliptical galaxy,G,Virgo,191.13325,11.19053,2.09,1.57,11.27,21.72,leda,,,1,,NGC4660
ngc4664,NGC 4664 · NGC 4624 · NGC 4665,NGC 4664,,ngc4624|ngc4665|pgc42970|ugc7924,,galaxy,Lenticular galaxy,G,Virgo,191.27496,3.05578,4.52,4.52,10.50,22.51,leda,,,1,,NGC4664
ngc4666,NGC 4666,NGC 4666,,pgc42975|ugc7926,,galaxy,Spiral galaxy,G,Virgo,191.28579,-0.46189,4.97,1.97,10.75,22.21,leda,,,1,,NGC4666
ngc4684,NGC 4684,NGC 4684,,pgc43149|ugc7951,,galaxy,Lenticular galaxy,G,Virgo,191.82300,-2.72742,2.97,0.96,11.55,22.55,leda,,,1,,NGC4684
ngc4689,NGC 4689,NGC 4689,,pgc43186|ugc7965,,galaxy,Spiral galaxy,G,Coma Berenices,191.93983,13.76281,3.82,2.86,10.93,22.34,leda,,,1,,NGC4689
ngc4691,NGC 4691,NGC 4691,,pgc43238|ugca299,,galaxy,Lenticular galaxy,G,Virgo,192.05679,-3.33272,3.03,2.46,10.99,22.06,leda,,,1,,NGC4691
ngc4694,NGC 4694,NGC 4694,,pgc43241|ugc7969,,galaxy,Lenticular galaxy,G,Virgo,192.06283,10.98361,2.00,1.11,11.31,21.52,leda,,,1,,NGC4694
ngc4696,NGC 4696,NGC 4696,,eso322-91|pgc43296,,galaxy,Elliptical galaxy,G,Centaurus,192.20521,-41.31083,3.85,2.56,10.64,22.47,leda,,,1,,NGC4696
ngc4697,NGC 4697 · C 52,NGC 4697,,c52|pgc43276|ugca300,,galaxy,Elliptical galaxy,G,Virgo,192.14950,-5.80075,7.14,4.16,9.37,22.48,leda,,52,1,,NGC4697
ngc4698,NGC 4698,NGC 4698,,pgc43254|ugc7970,,galaxy,Spiral galaxy,G,Virgo,192.09546,8.48739,3.81,1.55,10.65,21.81,leda,,,1,,NGC4698
ngc4699,NGC 4699,NGC 4699,,pgc43321|ugca301,,galaxy,Spiral galaxy,G,Virgo,192.25929,-8.66486,3.99,3.02,9.53,21.07,leda,,,1,,NGC4699
ngc4700,NGC 4700,NGC 4700,,pgc43330,,galaxy,Spiral galaxy,G,Virgo,192.28396,-11.40986,2.72,0.47,11.61,21.01,leda,,,1,,NGC4700
ngc4709,NGC 4709,NGC 4709,,eso323-3|pgc43423,,galaxy,Elliptical galaxy,G,Centaurus,192.51617,-41.38197,3.09,1.51,11.10,22.37,leda,,,1,,NGC4709
ngc4710,NGC 4710,NGC 4710,,pgc43375|ugc7980,,galaxy,Lenticular galaxy,G,Coma Berenices,192.41179,15.16544,4.39,1.13,10.71,22.54,leda,,,1,,NGC4710
ngc4725,NGC 4725,NGC 4725,,pgc43451|ugc7989,,galaxy,Spiral galaxy,G,Coma Berenices,192.61075,25.50081,9.71,7.10,9.38,22.85,leda,,,1,,NGC4725
ngc4731,NGC 4731,NGC 4731,,pgc43507|ugca302,,galaxy,Spiral galaxy,G,Virgo,192.75454,-6.39306,6.32,2.14,11.42,23.26,leda,,,1,,NGC4731
ngc4742,NGC 4742,NGC 4742,,pgc43594|ugca303,,galaxy,Elliptical galaxy,G,Virgo,192.95017,-10.45472,2.14,1.39,11.20,21.71,leda,,,1,,NGC4742
ngc4750,NGC 4750,NGC 4750,,pgc43426|ugc7994,,galaxy,Spiral galaxy,G,Draco,192.53029,72.87464,2.40,2.06,11.04,21.70,leda,,,1,,NGC4750
ngc4753,NGC 4753,NGC 4753,,pgc43671|ugc8009,,galaxy,Lenticular galaxy,G,Virgo,193.09213,-1.19969,6.49,3.06,9.66,22.40,leda,,,1,,NGC4753
ngc4754,NGC 4754,NGC 4754,,pgc43656|ugc8010,,galaxy,Lenticular galaxy,G,Virgo,193.07292,11.31389,4.16,1.95,10.48,22.27,leda,,,1,,NGC4754
ngc4755,NGC 4755 · C 94,NGC 4755,Herschel's Jewel Box|Kappa Crucis Cluster,c94|mwsc2072,,open-cluster,Open cluster,OCl,Crux,193.40450,-60.35631,7.80,,,20.00,typical,,94,1,,NGC4755
ngc4760,NGC 4760,NGC 4760,,pgc43763,,galaxy,Elliptical galaxy,G,Virgo,193.28012,-10.49419,2.57,2.01,11.58,22.50,leda,,,1,,NGC4760
ngc4762,NGC 4762,NGC 4762,,pgc43733|ugc8016,,galaxy,Lenticular galaxy,G,Virgo,193.23354,11.23081,8.26,3.52,10.17,23.44,leda,,,1,,NGC4762
ngc4767,NGC 4767,NGC 4767,,eso323-36|pgc43845,,galaxy,Elliptical galaxy,G,Centaurus,193.47062,-39.71431,2.82,1.39,11.51,22.58,leda,,,1,,NGC4767
ngc4772,NGC 4772,NGC 4772,,pgc43798|ugc8021,,galaxy,Spiral galaxy,G,Virgo,193.37150,2.16839,4.12,2.00,11.34,22.81,leda,,,1,,NGC4772
ngc4775,NGC 4775,NGC 4775,,pgc43826|ugca306,,galaxy,Spiral galaxy,G,Virgo,193.44042,-6.62217,2.22,1.96,10.96,21.37,leda,,,1,,NGC4775
ngc4781,NGC 4781,NGC 4781,,pgc43902,,galaxy,Spiral galaxy,G,Virgo,193.59896,-10.53719,3.66,1.48,10.89,21.59,leda,,,1,,NGC4781
ngc4802,NGC 4802 · NGC 4804,NGC 4802,,ngc4804|pgc44087,,galaxy,Lenticular galaxy,G,Corvus,193.95683,-12.05531,2.64,2.30,11.34,22.29,leda,,,1,,NGC4802
ngc4808,NGC 4808,NGC 4808,,pgc44086|ugc8054,,galaxy,Spiral galaxy,G,Virgo,193.95396,4.30411,2.36,0.93,11.79,21.61,leda,,,1,,NGC4808
ngc4815,NGC 4815,NGC 4815,,mwsc2075,,open-cluster,Open cluster,OCl,Musca,194.49321,-64.96175,3.90,,8.60,20.18,derived,,,1,,NGC4815
ngc4818,NGC 4818,NGC 4818,,pgc44191,,galaxy,Spiral galaxy,G,Virgo,194.20375,-8.52531,4.27,1.28,11.34,22.54,leda,,,1,,NGC4818
ngc4825,NGC 4825,NGC 4825,,pgc44261,,galaxy,Elliptical galaxy,G,Virgo,194.30100,-13.66483,2.69,1.64,11.89,22.80,leda,,,1,,NGC4825
ngc4833,NGC 4833 · C 105,NGC 4833,,c105|mwsc2077,,globular-cluster,Globular cluster,GCl,Musca,194.89558,-70.87458,8.40,,7.79,21.04,derived,,105,1,,NGC4833
ngc4835,NGC 4835,NGC 4835,,eso269-19|pgc44409,,galaxy,Spiral galaxy,G,Centaurus,194.53267,-46.26422,3.30,0.68,11.81,22.06,leda,,,1,,NGC4835
ngc4845,NGC 4845 · NGC 4910,NGC 4845,,ngc4910|pgc44392|ugc8078,,galaxy,Spiral galaxy,G,Virgo,194.50496,1.57583,5.50,1.20,10.97,22.53,leda,,,1,,NGC4845
ngc4852,NGC 4852,NGC 4852,,mwsc2078,,open-cluster,Open cluster,OCl,Centaurus,195.01829,-59.60944,5.40,,8.90,21.19,derived,,,1,,NGC4852
ngc4856,NGC 4856,NGC 4856,,pgc44582|ugca313,,galaxy,Lenticular galaxy,G,Virgo,194.83863,-15.04217,4.25,1.57,10.62,22.41,leda,,,1,,NGC4856
ngc4866,NGC 4866,NGC 4866,,pgc44600|ugc8102,,galaxy,Lenticular galaxy,G,Virgo,194.86308,14.17106,5.77,0.98,11.08,23.27,leda,,,1,,NGC4866
ngc4874,NGC 4874,NGC 4874,,pgc44628|ugc8103,,galaxy,Elliptical galaxy,G,Coma Berenices,194.89879,27.95928,2.29,1.98,11.83,22.49,leda,,,1,,NGC4874
ngc4880,NGC 4880,NGC 4880,,pgc44719|ugc8109,,galaxy,Lenticular galaxy,G,Virgo,195.04404,12.48331,2.63,1.97,11.76,22.57,leda,,,1,,NGC4880
ngc4889,NGC 4889 · NGC 4884 · C 35,NGC 4889,,ngc4884|c35|pgc44715|ugc8110,,galaxy,Elliptical galaxy,G,Coma Berenices,195.03387,27.97700,2.59,1.68,11.45,22.35,leda,,35,1,,NGC4889
ngc4900,NGC 4900,NGC 4900,,pgc44797|ugc8116,,galaxy,Spiral galaxy,G,Virgo,195.16296,2.50144,2.13,2.02,11.36,21.70,leda,,,1,,NGC4900
ngc4902,NGC 4902,NGC 4902,,pgc44847|ugca315,,galaxy,Spiral galaxy,G,Virgo,195.24887,-14.51364,2.63,2.37,11.26,22.03,leda,,,1,,NGC4902
ngc4914,NGC 4914,NGC 4914,,pgc44807|ugc8125,,galaxy,Elliptical galaxy,G,Canes Venatici,195.17896,37.31528,2.69,1.31,11.60,22.58,leda,,,1,,NGC4914
ngc4930,NGC 4930,NGC 4930,,eso323-74|pgc45155,,galaxy,Spiral galaxy,G,Centaurus,196.02196,-41.41158,3.54,2.84,11.43,22.79,leda,,,1,,NGC4930
ngc4933b,NGC 4933B · IC 4176,NGC 4933B,,ic4176|pgc45146,,galaxy,Lenticular galaxy,G,Virgo,195.98642,-11.49806,4.37,1.88,11.74,23.46,leda,,,1,,NGC4933B
ngc4936,NGC 4936,NGC 4936,,eso443-47|pgc45174,,galaxy,Elliptical galaxy,G,Centaurus,196.07037,-30.52625,2.85,2.43,11.00,22.17,leda,,,1,,NGC4936
ngc4939,NGC 4939,NGC 4939,,pgc45170,,galaxy,Spiral galaxy,G,Virgo,196.05996,-10.33961,5.71,2.30,11.32,23.14,leda,,,1,,NGC4939
ngc4941,NGC 4941,NGC 4941,,pgc45165|ugca321,,galaxy,Spiral galaxy,G,Virgo,196.05475,-5.55161,3.29,2.70,11.27,22.46,leda,,,1,,NGC4941
ngc4945,NGC 4945 · C 83,NGC 4945,,c83|eso219-24|pgc45279,,galaxy,Spiral galaxy,G,Centaurus,196.36450,-49.46822,23.33,4.03,8.71,22.83,leda,,83,1,,NGC4945
ngc4951,NGC 4951,NGC 4951,,pgc45246,,galaxy,Spiral galaxy,G,Virgo,196.28208,-6.49383,3.14,1.16,11.84,22.23,leda,,,1,,NGC4951
ngc4958,NGC 4958,NGC 4958,,pgc45313|ugca323,,galaxy,Lenticular galaxy,G,Virgo,196.45367,-8.02028,4.79,1.20,10.59,22.63,leda,,,1,,NGC4958
ngc4976,NGC 4976,NGC 4976,,eso219-29|pgc45562,,galaxy,Elliptical galaxy,G,Centaurus,197.15637,-49.50642,5.83,3.27,10.08,22.74,leda,,,1,,NGC4976
ngc4981,NGC 4981,NGC 4981,,pgc45574,,galaxy,Spiral galaxy,G,Virgo,197.20308,-6.77753,2.70,1.97,11.41,22.09,leda,,,1,,NGC4981
ngc4984,NGC 4984,NGC 4984,,pgc45585,,galaxy,Lenticular galaxy,G,Virgo,197.23846,-15.51631,3.37,2.50,11.01,22.37,leda,,,1,,NGC4984
ngc4995,NGC 4995,NGC 4995,,pgc45643|ugca329,,galaxy,Spiral galaxy,G,Virgo,197.41938,-7.83342,2.43,1.49,11.11,21.42,leda,,,1,,NGC4995
ngc5005,NGC 5005 · C 29,NGC 5005,,c29|pgc45749|ugc8256,,galaxy,Spiral galaxy,G,Canes Venatici,197.73429,37.05919,4.82,1.52,9.79,21.07,leda,,29,1,,NGC5005
ngc5011,NGC 5011,NGC 5011,,eso269-65|pgc45898,,galaxy,Elliptical galaxy,G,Centaurus,198.21608,-43.09622,2.92,2.43,11.38,22.58,leda,,,1,,NGC5011
ngc5012,NGC 5012,NGC 5012,,pgc45795|ugc8270,,galaxy,Spiral galaxy,G,Coma Berenices,197.90433,22.91550,2.64,1.44,11.83,22.18,leda,,,1,,NGC5012
ngc5018,NGC 5018,NGC 5018,,eso576-10|pgc45908|ugca335,,galaxy,Elliptical galaxy,G,Virgo,198.25429,-19.51819,3.49,2.17,10.85,22.41,leda,,,1,,NGC5018
ngc5026,NGC 5026,NGC 5026,,eso269-73|pgc46023,,galaxy,Spiral galaxy,G,Centaurus,198.55683,-42.96128,3.52,1.79,11.81,23.00,leda,,,1,,NGC5026
ngc5033,NGC 5033,NGC 5033,,pgc45948|ugc8307,,galaxy,Spiral galaxy,G,Canes Venatici,198.36446,36.59394,9.84,4.58,10.13,23.21,leda,,,1,,NGC5033
ngc5042,NGC 5042,NGC 5042,,eso508-31|pgc46126|ugca340,,galaxy,Spiral galaxy,G,Hydra,198.87925,-23.98406,4.15,2.20,11.78,23.12,leda,,,1,,NGC5042
ngc5044,NGC 5044,NGC 5044,,pgc46115|ugca341,,galaxy,Elliptical galaxy,G,Virgo,198.84987,-16.38553,3.66,3.17,10.78,22.47,leda,,,1,,NGC5044
ngc5053,NGC 5053,NGC 5053,,mwsc2101,,globular-cluster,Globular cluster,GCl,Coma Berenices,199.11246,17.69775,4.80,,9.96,21.99,derived,,,1,,NGC5053
ngc5054,NGC 5054,NGC 5054,,pgc46247|ugca344,,galaxy,Spiral galaxy,G,Virgo,199.24371,-16.63486,5.04,2.90,10.79,22.60,leda,,,1,,NGC5054
ngc5061,NGC 5061,NGC 5061,,eso508-38|pgc46330,,galaxy,Elliptical galaxy,G,Hydra,199.52113,-26.83722,3.75,3.05,10.31,22.04,leda,,,1,,NGC5061
ngc5068,NGC 5068,NGC 5068,,eso576-29|pgc46400|ugca345,,galaxy,Spiral galaxy,G,Virgo,199.72837,-21.03911,7.48,6.70,10.06,23.07,leda,,,1,,NGC5068
ngc5077,NGC 5077,NGC 5077,,pgc46456|ugca347,,galaxy,Elliptical galaxy,G,Virgo,199.88196,-12.65697,2.65,2.07,11.65,22.63,leda,,,1,,NGC5077
ngc5078,NGC 5078,NGC 5078,,eso508-48|pgc46490,,galaxy,Spiral galaxy,G,Hydra,199.95825,-27.41039,2.56,0.62,11.27,21.51,leda,,,1,,NGC5078
ngc5084,NGC 5084,NGC 5084,,eso576-33|pgc46525,,galaxy,Lenticular galaxy,G,Virgo,200.07050,-21.82758,9.93,2.46,10.49,24.11,leda,,,1,,NGC5084
ngc5087,NGC 5087,NGC 5087,,eso576-35|pgc46541|ugca350,,galaxy,Elliptical galaxy,G,Virgo,200.10400,-20.61100,2.99,2.52,11.13,22.26,leda,,,1,,NGC5087
ngc5090,NGC 5090,NGC 5090,,eso270-2|pgc46618,,galaxy,Elliptical galaxy,G,Centaurus,200.30342,-43.70456,3.51,2.76,11.62,23.20,leda,,,1,,NGC5090
ngc5101,NGC 5101,NGC 5101,,eso508-58|pgc46661|ugca351,,galaxy,Lenticular galaxy,G,Hydra,200.44267,-27.43053,5.90,5.52,10.46,23.04,leda,,,1,,NGC5101
ngc5102,NGC 5102,NGC 5102,,eso382-50|pgc46674,,galaxy,Elliptical galaxy,G,Centaurus,200.49004,-36.63025,9.71,3.71,9.88,23.49,leda,,,1,,NGC5102
ngc5121,NGC 5121,NGC 5121,,eso382-57|pgc46896,,galaxy,Spiral galaxy,G,Centaurus,201.19004,-37.68219,2.16,1.67,11.62,21.93,leda,,,1,,NGC5121
ngc5128,NGC 5128 · C 77,NGC 5128,Centaurus A,c77|eso270-9|pgc46957,,galaxy,Lenticular galaxy,G,Centaurus,201.36508,-43.01911,25.88,19.77,7.22,23.02,leda,,77,1,,NGC5128
ngc5134,NGC 5134,NGC 5134,,eso576-52|pgc46938,,galaxy,Spiral galaxy,G,Virgo,201.32729,-21.13417,2.70,1.53,11.77,22.27,leda,,,1,,NGC5134
ngc5138,NGC 5138,NGC 5138,,mwsc2121,,open-cluster,Open cluster,OCl,Centaurus,201.81337,-59.04094,4.20,,5.33,17.07,derived,,,1,,NGC5138
ngc5139,NGC 5139 · C 80,NGC 5139,Omega Centauri,c80|mwsc2120,,globular-cluster,Globular cluster,GCl,Centaurus,201.69121,-47.47686,27.00,,5.33,21.12,derived,,80,1,,NGC5139
ngc5140,NGC 5140,NGC 5140,,eso382-65|pgc47031,,galaxy,Elliptical galaxy,G,Centaurus,201.59054,-33.86847,2.36,1.98,11.90,22.51,leda,,,1,,NGC5140
ngc5153,NGC 5153,NGC 5153,,eso444-45|pgc47194,,galaxy,Elliptical galaxy,G,Hydra,201.97637,-29.61803,2.44,1.89,11.92,22.72,leda,,,1,,NGC5153
ngc5156,NGC 5156,NGC 5156,,eso220-13|pgc47283,,galaxy,Spiral galaxy,G,Centaurus,202.18371,-48.91681,2.54,2.08,11.86,22.47,leda,,,1,,NGC5156
ngc5161,NGC 5161,NGC 5161,,eso383-4|pgc47321|ugca359,,galaxy,Spiral galaxy,G,Centaurus,202.30796,-33.17383,5.36,1.62,11.52,22.92,leda,,,1,,NGC5161
ngc5170,NGC 5170,NGC 5170,,eso576-65|pgc47394|pgc47396|ugca360,,galaxy,Spiral galaxy,G,Virgo,202.45329,-17.96642,7.96,1.41,11.23,23.11,leda,,,1,,NGC5170
ngc5172,NGC 5172,NGC 5172,,pgc47330|ugc8477,,galaxy,Spiral galaxy,G,Coma Berenices,202.33046,17.05192,2.38,1.34,11.96,22.12,leda,,,1,,NGC5172
ngc5189,NGC 5189 · IC 4274,NGC 5189,,ic4274|eso96-16,,planetary-nebula,Planetary nebula,PN,Musca,203.38712,-65.97406,2.33,,9.50,19.97,derived,,,1,,NGC5189
ngc5193,NGC 5193,NGC 5193,,eso383-15|pgc47582,,galaxy,Elliptical galaxy,G,Centaurus,202.97304,-33.23422,2.07,1.89,11.73,22.18,leda,,,1,,NGC5193
ngc5195,NGC 5195,NGC 5195,,pgc47413|ugc8494,,galaxy,Spiral galaxy,G,Canes Venatici,202.49829,47.26614,5.50,4.36,9.58,21.92,leda,,,1,,NGC5195
ngc5198,NGC 5198,NGC 5198,,pgc47441|ugc8499,,galaxy,Elliptical galaxy,G,Canes Venatici,202.54750,46.67078,2.03,1.68,11.78,22.17,leda,,,1,,NGC5198
ngc5204,NGC 5204,NGC 5204,,pgc47368|ugc8490,,galaxy,Irregular galaxy,G,Ursa Major,202.40212,58.41872,4.50,2.82,11.32,22.92,leda,,,1,,NGC5204
ngc5206,NGC 5206,NGC 5206,,eso220-18|pgc47762,,galaxy,Elliptical galaxy,G,Centaurus,203.43325,-48.15117,4.26,2.81,10.98,22.82,leda,,,1,,NGC5206
ngc5247,NGC 5247,NGC 5247,,eso577-14|pgc48171|ugca368,,galaxy,Spiral galaxy,G,Virgo,204.51267,-17.88403,5.32,4.26,10.41,22.59,leda,,,1,,NGC5247
ngc5248,NGC 5248 · C 45,NGC 5248,,c45|pgc48130|ugc8616,,galaxy,Spiral galaxy,G,Boötes,204.38342,8.88517,4.07,2.38,9.97,21.34,leda,,45,1,,NGC5248
ngc5253,NGC 5253,NGC 5253,,eso445-4|pgc48334|ugca369,,galaxy,Irregular galaxy,G,Centaurus,204.98317,-31.64011,5.01,2.12,10.28,21.76,leda,,,1,,NGC5253
ngc5264,NGC 5264,NGC 5264,,eso445-12|pgc48467|ugca370,,galaxy,Irregular galaxy,G,Hydra,205.40283,-29.91308,2.97,2.20,11.98,22.81,leda,,,1,,NGC5264
ngc5266,NGC 5266,NGC 5266,,eso220-33|pgc48593,,galaxy,Lenticular galaxy,G,Centaurus,205.75879,-48.16942,2.92,2.09,11.12,22.21,leda,,,1,,NGC5266
ngc5281,NGC 5281,NGC 5281,,mwsc2161,,open-cluster,Open cluster,OCl,Centaurus,206.64646,-62.91653,6.90,,5.90,18.72,derived,,,1,,NGC5281
ngc5286,NGC 5286 · C 84,NGC 5286,,c84|mwsc2160,,globular-cluster,Globular cluster,GCl,Centaurus,206.61075,-51.37347,6.60,,8.31,21.04,derived,,84,1,,NGC5286
ngc5292,NGC 5292,NGC 5292,,eso445-31|pgc48909,,galaxy,Spiral galaxy,G,Centaurus,206.91696,-30.93953,2.29,1.33,11.92,22.11,leda,,,1,,NGC5292
ngc5297,NGC 5297,NGC 5297,,pgc48815|ugc8709,,galaxy,Spiral galaxy,G,Canes Venatici,206.59862,43.87233,3.72,0.91,11.76,22.23,leda,,,1,,NGC5297
ngc5308,NGC 5308,NGC 5308,,pgc48860|ugc8722,,galaxy,Lenticular galaxy,G,Ursa Major,206.75179,60.97317,4.33,0.57,11.32,21.34,derived,,,1,,NGC5308
ngc5316,NGC 5316,NGC 5316,,mwsc2175,,open-cluster,Open cluster,OCl,Centaurus,208.48842,-61.86911,9.90,,6.00,19.61,derived,,,1,,NGC5316
ngc5322,NGC 5322,NGC 5322,,pgc49044|ugc8745,,galaxy,Elliptical galaxy,G,Ursa Major,207.31363,60.19053,5.62,3.49,10.14,22.73,leda,,,1,,NGC5322
ngc5326,NGC 5326,NGC 5326,,pgc49157|ugc8764,,galaxy,Spiral galaxy,G,Canes Venatici,207.71125,39.57486,2.18,1.03,11.87,21.99,leda,,,1,,NGC5326
ngc5328,NGC 5328,NGC 5328,,eso445-67|pgc49307,,galaxy,Elliptical galaxy,G,Hydra,208.22213,-28.48939,3.07,1.71,11.71,22.98,leda,,,1,,NGC5328
ngc5333,NGC 5333,NGC 5333,,eso221-17|pgc49424,,galaxy,Lenticular galaxy,G,Centaurus,208.60092,-48.51253,2.18,1.09,11.89,22.29,leda,,,1,,NGC5333
ngc5350,NGC 5350,NGC 5350,,pgc49347|ugc8810,,galaxy,Spiral galaxy,G,Canes Venatici,208.34013,40.36394,2.69,1.66,11.47,21.99,leda,,,1,,NGC5350
ngc5353,NGC 5353,NGC 5353,,pgc49356|ugc8813,,galaxy,Lenticular galaxy,G,Canes Venatici,208.36121,40.28303,2.37,1.18,11.02,21.60,leda,,,1,,NGC5353
ngc5354,NGC 5354,NGC 5354,,pgc49354|ugc8814,,galaxy,Lenticular galaxy,G,Canes Venatici,208.36125,40.30275,3.03,1.15,11.38,22.46,leda,,,1,,NGC5354
ngc5363,NGC 5363,NGC 5363,,pgc49547|ugc8847,,galaxy,Lenticular galaxy,G,Virgo,209.03004,5.25478,4.17,2.75,10.21,21.93,leda,,,1,,NGC5363
ngc5364,NGC 5364 · NGC 5317,NGC 5364,,ngc5317|pgc49555|ugc8853,,galaxy,Spiral galaxy,G,Virgo,209.05000,5.01447,3.80,1.66,10.52,21.52,leda,,,1,,NGC5364
ngc5365,NGC 5365,NGC 5365,,eso271-8|pgc49673,,galaxy,Lenticular galaxy,G,Centaurus,209.46100,-43.93131,3.88,2.14,11.32,22.97,leda,,,1,,NGC5365
ngc5371,NGC 5371 · NGC 5390,NGC 5371,,ngc5390|pgc49514|ugc8846,,galaxy,Spiral galaxy,G,Canes Venatici,208.91642,40.46175,3.98,2.45,10.71,22.07,leda,,,1,,NGC5371
ngc5377,NGC 5377,NGC 5377,,pgc49563|ugc8863,,galaxy,Spiral galaxy,G,Canes Venatici,209.06946,47.23569,3.64,1.42,11.27,22.39,leda,,,1,,NGC5377
ngc5383,NGC 5383,NGC 5383,,pgc49618|ugc8875,,galaxy,Spiral galaxy,G,Canes Venatici,209.27071,41.84625,2.48,1.88,11.57,22.08,leda,,,1,,NGC5383
ngc5389,NGC 5389,NGC 5389,,pgc49548|ugc8866,,galaxy,Lenticular galaxy,G,Ursa Major,209.02638,59.74206,3.27,0.71,11.98,23.08,leda,,,1,,NGC5389
ngc5395,NGC 5395,NGC 5395,,pgc49747|ugc8900,,galaxy,Spiral galaxy,G,Canes Venatici,209.65825,37.42447,2.49,1.16,11.66,21.83,leda,,,1,,NGC5395
ngc5408,NGC 5408,NGC 5408,,eso325-46|eso325-47|pgc50073,,galaxy,Irregular galaxy,G,Centaurus,210.83712,-41.37769,2.84,1.53,11.64,22.10,leda,,,1,,NGC5408
ngc5419,NGC 5419,NGC 5419,,eso384-39|pgc50100,,galaxy,Elliptical galaxy,G,Centaurus,210.91138,-33.97825,3.98,2.95,10.77,22.63,leda,,,1,,NGC5419
ngc5422,NGC 5422,NGC 5422,,pgc49874|ugc8935,,galaxy,Lenticular galaxy,G,Ursa Major,210.17517,55.16447,2.81,0.59,11.80,22.66,leda,,,1,,NGC5422
ngc5427,NGC 5427,NGC 5427,,pgc50084|ugca381,,galaxy,Spiral galaxy,G,Virgo,210.85854,-6.03081,3.61,3.27,11.39,22.83,leda,,,1,,NGC5427
ngc5444,NGC 5444,NGC 5444,,pgc50080|ugc8974,,galaxy,Elliptical galaxy,G,Canes Venatici,210.85054,35.13211,2.48,1.94,11.86,22.69,leda,,,1,,NGC5444
ngc5448,NGC 5448,NGC 5448,,pgc50031|ugc8969,,galaxy,Spiral galaxy,G,Ursa Major,210.70846,49.17269,3.77,1.95,11.37,22.64,leda,,,1,,NGC5448
ngc5460,NGC 5460,NGC 5460,,mwsc2202,,open-cluster,Open cluster,OCl,Centaurus,211.86588,-48.34253,13.20,,5.60,19.83,derived,,,1,,NGC5460
ngc5466,NGC 5466,NGC 5466,,mwsc2198,,globular-cluster,Globular cluster,GCl,Boötes,211.36400,28.53450,6.60,,9.70,22.43,derived,,,1,,NGC5466
ngc5474,NGC 5474,NGC 5474,,pgc50216|ugc9013,,galaxy,Spiral galaxy,G,Ursa Major,211.25671,53.66222,2.39,1.57,11.01,21.28,leda,,,1,,NGC5474
ngc5483,NGC 5483,NGC 5483,,eso271-19|pgc50600,,galaxy,Spiral galaxy,G,Centaurus,212.60429,-43.32461,3.42,3.08,11.13,22.47,leda,,,1,,NGC5483
ngc5485,NGC 5485,NGC 5485,,pgc50369|ugc9033,,galaxy,Lenticular galaxy,G,Ursa Major,211.79729,55.00169,2.51,1.75,11.50,22.23,leda,,,1,,NGC5485
ngc5493,NGC 5493,NGC 5493,,pgc50670|ugca386,,galaxy,Lenticular galaxy,G,Virgo,212.87242,-5.04361,2.17,1.92,11.42,21.86,leda,,,1,,NGC5493
ngc5516,NGC 5516,NGC 5516,,eso221-34|pgc50960,,galaxy,Elliptical galaxy,G,Centaurus,213.97787,-48.11486,2.39,1.56,11.99,22.60,leda,,,1,,NGC5516
ngc5529,NGC 5529,NGC 5529,,pgc50942|ugc9127,,galaxy,Spiral galaxy,G,Boötes,213.89196,36.22658,5.79,0.68,11.91,22.83,leda,,,1,,NGC5529
ngc5530,NGC 5530,NGC 5530,,eso272-3|pgc51106,,galaxy,Spiral galaxy,G,Lupus,214.61312,-43.38858,4.86,2.18,11.19,22.73,leda,,,1,,NGC5530
ngc5532,NGC 5532,NGC 5532,,pgc51006,,galaxy,Lenticular galaxy,G,Boötes,214.22063,10.80739,2.34,1.94,11.94,22.54,leda,,,1,,NGC5532
ngc5533,NGC 5533,NGC 5533,,pgc50973|ugc9133,,galaxy,Spiral galaxy,G,Boötes,214.03225,35.34383,2.86,1.58,11.81,22.44,leda,,,1,,NGC5533
ngc5556,NGC 5556,NGC 5556,,eso446-50|pgc51245|ugca389,,galaxy,Spiral galaxy,G,Hydra,215.14204,-29.24178,3.45,2.75,11.82,23.05,leda,,,1,,NGC5556
ngc5557,NGC 5557,NGC 5557,,pgc51104|ugc9161,,galaxy,Elliptical galaxy,G,Boötes,214.60717,36.49356,2.28,1.12,11.02,21.63,leda,,,1,,NGC5557
ngc5566,NGC 5566,NGC 5566,,pgc51233|ugc9175,,galaxy,Spiral galaxy,G,Virgo,215.08288,3.93375,5.36,2.08,10.51,22.39,leda,,,1,,NGC5566
ngc5576,NGC 5576,NGC 5576,,pgc51275|ugc9183,,galaxy,Elliptical galaxy,G,Virgo,215.26533,3.27100,2.83,1.87,10.90,22.01,leda,,,1,,NGC5576
ngc5582,NGC 5582,NGC 5582,,pgc51251|ugc9188,,galaxy,Elliptical galaxy,G,Boötes,215.17967,39.69358,2.20,1.40,11.62,22.18,leda,,,1,,NGC5582
ngc5585,NGC 5585,NGC 5585,,pgc51210|ugc9179,,galaxy,Spiral galaxy,G,Ursa Major,214.95083,56.72906,4.27,2.62,11.02,22.49,leda,,,1,,NGC5585
ngc5606,NGC 5606,NGC 5606,,eso134-3|mwsc2218,,open-cluster,Open cluster,OCl,Centaurus,216.94700,-59.63225,3.60,,7.70,19.11,derived,,,1,,NGC5606
ngc5614,NGC 5614,NGC 5614,,pgc51439|ugc9226,,galaxy,Spiral galaxy,G,Boötes,216.03163,34.85886,2.43,2.00,11.71,22.26,leda,,,1,,NGC5614
ngc5617,NGC 5617,NGC 5617,,mwsc2223,,open-cluster,Open cluster,OCl,Centaurus,217.43362,-60.71083,5.10,,6.30,18.47,derived,,,1,,NGC5617
ngc5634,NGC 5634,NGC 5634,,mwsc2222,,globular-cluster,Globular cluster,GCl,Virgo,217.40533,-5.97642,4.50,,10.05,21.94,derived,,,1,,NGC5634
ngc5643,NGC 5643,NGC 5643,,eso272-16|pgc51969,,galaxy,Spiral galaxy,G,Lupus,218.16975,-44.17442,5.27,4.60,10.22,22.45,leda,,,1,,NGC5643
ngc5660,NGC 5660,NGC 5660,,pgc51795|ugc9325,,galaxy,Spiral galaxy,G,Boötes,217.45754,49.62267,2.64,2.43,11.91,22.68,leda,,,1,,NGC5660
ngc5662,NGC 5662,NGC 5662,,mwsc2234,,open-cluster,Open cluster,OCl,Centaurus,218.90658,-56.61808,8.10,,5.50,18.67,derived,,,1,,NGC5662
ngc5670,NGC 5670,NGC 5670,,eso272-19|pgc52161,,galaxy,Lenticular galaxy,G,Lupus,218.90013,-45.96697,2.59,1.18,11.96,22.72,leda,,,1,,NGC5670
ngc5676,NGC 5676,NGC 5676,,pgc51978|ugc9366,,galaxy,Spiral galaxy,G,Boötes,218.19521,49.45789,3.59,1.61,11.22,22.09,leda,,,1,,NGC5676
ngc5678,NGC 5678,NGC 5678,,pgc51932|ugc9358,,galaxy,Spiral galaxy,G,Draco,218.02337,57.92144,2.96,1.55,11.43,22.33,leda,,,1,,NGC5678
ngc5687,NGC 5687,NGC 5687,,pgc52116|ugc9395,,galaxy,Elliptical galaxy,G,Boötes,218.71833,54.47586,2.41,1.37,11.74,22.36,leda,,,1,,NGC5687
ngc5688,NGC 5688,NGC 5688,,eso272-22|pgc52381,,galaxy,Spiral galaxy,G,Lupus,219.89646,-45.01900,4.13,1.91,11.81,22.99,leda,,,1,,NGC5688
ngc5689,NGC 5689,NGC 5689,,pgc52154|ugc9399,,galaxy,Lenticular galaxy,G,Boötes,218.87371,48.74164,3.66,0.91,11.80,22.94,leda,,,1,,NGC5689
ngc5690,NGC 5690,NGC 5690,,pgc52273|ugc9416,,galaxy,Spiral galaxy,G,Virgo,219.42113,2.29083,3.20,0.99,11.91,22.22,leda,,,1,,NGC5690
ngc5694,NGC 5694 · C 66,NGC 5694,,c66|mwsc2238,,globular-cluster,Globular cluster,GCl,Hydra,219.90212,-26.53833,3.30,,10.89,22.11,derived,,66,1,,NGC5694
ngc5701,NGC 5701,NGC 5701,,pgc52365|ugc9436,,galaxy,Lenticular galaxy,G,Virgo,219.79617,5.36347,2.00,1.60,11.20,21.40,leda,,,1,,NGC5701
ngc5713,NGC 5713 · NGC 5651,NGC 5713,,ngc5651|pgc52412|ugc9451,,galaxy,Spiral galaxy,G,Virgo,220.04796,-0.28897,2.47,1.70,10.87,21.28,leda,,,1,,NGC5713
ngc5728,NGC 5728,NGC 5728,,pgc52521,,galaxy,Spiral galaxy,G,Libra,220.59958,-17.25308,3.20,1.87,11.51,22.50,leda,,,1,,NGC5728
ngc5740,NGC 5740,NGC 5740,,pgc52641|ugc9493,,galaxy,Spiral galaxy,G,Virgo,221.10187,1.67978,2.70,1.34,11.90,22.30,leda,,,1,,NGC5740
ngc5746,NGC 5746,NGC 5746,,pgc52665|ugc9499,,galaxy,Spiral galaxy,G,Virgo,221.23300,1.95500,7.24,1.08,10.55,22.40,leda,,,1,,NGC5746
ngc5749,NGC 5749,NGC 5749,,mwsc2256,,open-cluster,Open cluster,OCl,Lupus,222.22475,-54.49769,7.20,,8.80,21.72,derived,,,1,,NGC5749
ngc5750,NGC 5750,NGC 5750,,pgc52735|ugc9512,,galaxy,Lenticular galaxy,G,Virgo,221.54633,-0.22294,2.65,1.37,11.69,22.34,leda,,,1,,NGC5750
ngc5775,NGC 5775,NGC 5775,,pgc53247|ugc9579,,galaxy,Spiral galaxy,G,Virgo,223.49000,3.54444,3.70,0.85,11.43,21.82,leda,,,1,,NGC5775
ngc5786,NGC 5786,NGC 5786,,eso327-37|pgc53527,,galaxy,Spiral galaxy,G,Centaurus,224.73442,-42.01336,2.40,1.32,11.89,22.18,derived,,,1,,NGC5786
ngc5791,NGC 5791,NGC 5791,,eso581-7|pgc53516,,galaxy,Elliptical galaxy,G,Libra,224.69258,-19.26686,2.71,1.43,11.85,22.84,leda,,,1,,NGC5791
ngc5792,NGC 5792,NGC 5792,,pgc53499|ugc9631,,galaxy,Spiral galaxy,G,Libra,224.59463,-1.09108,3.55,1.38,11.26,22.09,leda,,,1,,NGC5792
ngc5796,NGC 5796,NGC 5796,,pgc53549,,galaxy,Elliptical galaxy,G,Libra,224.85046,-16.62386,2.65,2.18,11.58,22.56,leda,,,1,,NGC5796
ngc5806,NGC 5806,NGC 5806,,pgc53578|ugc9645,,galaxy,Spiral galaxy,G,Virgo,225.00167,1.89131,3.03,1.63,11.65,22.35,leda,,,1,,NGC5806
ngc5812,NGC 5812,NGC 5812,,pgc53630|ugca398,,galaxy,Elliptical galaxy,G,Libra,225.23208,-7.45736,2.66,2.29,11.23,22.22,leda,,,1,,NGC5812
ngc5813,NGC 5813,NGC 5813,,pgc53643|ugc9655,,galaxy,Elliptical galaxy,G,Virgo,225.29679,1.70197,4.13,2.70,10.53,22.46,leda,,,1,,NGC5813
ngc5822,NGC 5822,NGC 5822,,mwsc2269,,open-cluster,Open cluster,OCl,Lupus,226.08854,-54.39642,18.00,,6.50,21.40,derived,,,1,,NGC5822
ngc5823,NGC 5823 · C 88,NGC 5823,,c88|mwsc2273,,open-cluster,Open cluster,OCl,Circinus,226.37763,-55.60375,3.90,,7.90,19.48,derived,,88,1,,NGC5823
ngc5824,NGC 5824 · NGC 5834,NGC 5824,,mwsc2267|ngc5834,,globular-cluster,Globular cluster,GCl,Lupus,225.99433,-33.06814,5.10,,9.56,21.73,derived,,,1,,NGC5824
ngc5831,NGC 5831,NGC 5831,,pgc53770|ugc9678,,galaxy,Elliptical galaxy,G,Virgo,226.02917,1.21992,2.24,1.98,11.46,22.09,leda,,,1,,NGC5831
ngc5833,NGC 5833,NGC 5833,,eso42-3|pgc54250,,galaxy,Spiral galaxy,G,Apus,227.97354,-72.85942,3.10,0.98,11.93,22.24,leda,,,1,,NGC5833
ngc5838,NGC 5838,NGC 5838,,pgc53862|ugc9692,,galaxy,Elliptical galaxy,G,Virgo,226.35942,2.09933,3.86,1.29,10.81,22.41,leda,,,1,,NGC5838
ngc5844,NGC 5844,NGC 5844,,eso99-1,,planetary-nebula,Planetary nebula,PN,Triangulum Australe,227.67062,-64.67367,0.88,,12.40,20.75,derived,,,1,,NGC5844
ngc5846,NGC 5846,NGC 5846,,pgc53932|ugc9706,,galaxy,Elliptical galaxy,G,Virgo,226.62200,1.60561,4.27,4.05,10.18,22.20,leda,,,1,,NGC5846
ngc5846a,NGC 5846A,NGC 5846A,,pgc53930,,galaxy,Elliptical galaxy,G,Virgo,226.62167,1.59486,3.16,2.22,11.70,23.13,leda,,,1,,NGC5846A
ngc5850,NGC 5850,NGC 5850,,pgc53979|ugc9715,,galaxy,Spiral galaxy,G,Virgo,226.78204,1.54425,3.35,2.37,11.00,22.11,leda,,,1,,NGC5850
ngc5854,NGC 5854,NGC 5854,,pgc54013|ugc9726,,galaxy,Lenticular galaxy,G,Virgo,226.94875,2.56864,3.02,0.71,11.80,22.82,leda,,,1,,NGC5854
ngc5861,NGC 5861,NGC 5861,,pgc54097,,galaxy,Spiral galaxy,G,Libra,227.31704,-11.32167,2.78,1.11,11.69,21.91,leda,,,1,,NGC5861
ngc5864,NGC 5864,NGC 5864,,pgc54111|ugc9740,,galaxy,Lenticular galaxy,G,Virgo,227.38983,3.05275,2.49,0.77,11.82,22.47,leda,,,1,,NGC5864
ngc5866,NGC 5866,NGC 5866,Spindle Galaxy,pgc53933|ugc9723|m102,,galaxy,Lenticular galaxy,G,Draco,226.62292,55.76322,6.31,2.72,9.89,22.55,leda,,,1,,NGC5866
ngc5878,NGC 5878,NGC 5878,,pgc54364|ugca403,,galaxy,Spiral galaxy,G,Libra,228.44046,-14.26983,3.27,1.21,11.67,22.28,leda,,,1,,NGC5878
ngc5879,NGC 5879,NGC 5879,,pgc54117|ugc9753,,galaxy,Spiral galaxy,G,Draco,227.44471,57.00019,3.79,1.42,11.47,22.38,leda,,,1,,NGC5879
ngc5885,NGC 5885,NGC 5885,,pgc54429,,galaxy,Spiral galaxy,G,Libra,228.76733,-10.08600,3.07,2.59,11.70,22.73,leda,,,1,,NGC5885
ngc5897,NGC 5897,NGC 5897,,mwsc2285,,globular-cluster,Globular cluster,GCl,Libra,229.35167,-21.01011,9.90,,8.52,22.13,derived,,,1,,NGC5897
ngc5898,NGC 5898,NGC 5898,,eso514-2|pgc54625|ugca404,,galaxy,Elliptical galaxy,G,Libra,229.55650,-24.09794,2.66,2.37,11.38,22.37,leda,,,1,,NGC5898
ngc5899,NGC 5899,NGC 5899,,pgc54428|ugc9789,,galaxy,Spiral galaxy,G,Boötes,228.76342,42.04983,2.10,0.85,11.99,21.59,leda,,,1,,NGC5899
ngc5903,NGC 5903,NGC 5903,,eso514-4|pgc54646|ugca405,,galaxy,Elliptical galaxy,G,Libra,229.65221,-24.06858,3.00,2.23,11.27,22.51,leda,,,1,,NGC5903
ngc5907,NGC 5907 · NGC 5906,NGC 5907,Splinter Galaxy,ngc5906|pgc54470|ugc9801,,galaxy,Spiral galaxy,G,Draco,228.97404,56.32878,11.30,1.75,10.37,22.90,leda,,,1,,NGC5907
ngc5908,NGC 5908,NGC 5908,,pgc54522|ugc9805,,galaxy,Spiral galaxy,G,Draco,229.18008,55.40925,3.37,1.61,11.89,22.76,leda,,,1,,NGC5908
ngc5921,NGC 5921,NGC 5921,,pgc54849|ugc9824,,galaxy,Spiral galaxy,G,Serpens,230.48567,5.07053,3.02,2.03,11.02,21.85,leda,,,1,,NGC5921
ngc5925,NGC 5925,NGC 5925,,mwsc2293,,open-cluster,Open cluster,OCl,Norma,231.86175,-54.52878,4.80,,8.40,20.43,derived,,,1,,NGC5925
ngc5927,NGC 5927,NGC 5927,,mwsc2295,,globular-cluster,Globular cluster,GCl,Lupus,232.00179,-50.67278,6.60,,8.86,21.59,derived,,,1,,NGC5927
ngc5938,NGC 5938,NGC 5938,,eso99-7|pgc55582,,galaxy,Spiral galaxy,G,Triangulum Australe,234.10946,-66.85975,2.31,1.59,11.49,21.84,leda,,,1,,NGC5938
ngc5946,NGC 5946 · IC 4550,NGC 5946,,ic4550|mwsc2306,,globular-cluster,Globular cluster,GCl,Norma,233.86904,-50.65972,3.60,,10.72,22.13,derived,,,1,,NGC5946
ngc5962,NGC 5962,NGC 5962,,pgc55588|ugc9926,,galaxy,Spiral galaxy,G,Serpens,234.13200,16.60778,2.48,1.61,11.50,21.86,leda,,,1,,NGC5962
ngc5965,NGC 5965,NGC 5965,,pgc55459|ugc9914,,galaxy,Spiral galaxy,G,Draco,233.51025,56.68561,5.08,0.78,11.78,22.86,leda,,,1,,NGC5965
ngc5970,NGC 5970,NGC 5970,,pgc55665|ugc9943,,galaxy,Spiral galaxy,G,Serpens,234.62487,12.18661,2.77,1.91,11.61,22.25,leda,,,1,,NGC5970
ngc5982,NGC 5982,NGC 5982,,pgc55674|ugc9961,,galaxy,Elliptical galaxy,G,Draco,234.66596,59.35583,3.07,2.00,11.07,22.35,leda,,,1,,NGC5982
ngc5985,NGC 5985,NGC 5985,,pgc55725|ugc9969,,galaxy,Spiral galaxy,G,Draco,234.90454,59.33194,3.98,2.01,11.20,22.45,leda,,,1,,NGC5985
ngc5986,NGC 5986,NGC 5986,,eso329-18|mwsc2317,,globular-cluster,Globular cluster,GCl,Lupus,236.51433,-37.78614,5.40,,6.92,19.21,derived,,,1,,NGC5986
ngc5987,NGC 5987,NGC 5987,,pgc55740|ugc9971,,galaxy,Spiral galaxy,G,Draco,234.98904,58.07953,3.84,1.32,11.72,22.66,leda,,,1,,NGC5987
ngc5999,NGC 5999,NGC 5999,,mwsc2326,,open-cluster,Open cluster,OCl,Norma,238.03596,-56.47281,3.30,,9.00,20.22,derived,,,1,,NGC5999
ngc6015,NGC 6015,NGC 6015,,pgc56219|ugc10075,,galaxy,Spiral galaxy,G,Draco,237.85512,62.31003,5.81,2.57,11.17,23.04,leda,,,1,,NGC6015
ngc6025,NGC 6025 · C 95,NGC 6025,,c95|mwsc2347,,open-cluster,Open cluster,OCl,Triangulum Australe,240.82413,-60.43136,11.40,,5.10,19.01,derived,,95,1,,NGC6025
ngc6026,NGC 6026,NGC 6026,,eso389-7,,planetary-nebula,Planetary nebula,PN,Lupus,240.33713,-34.54422,0.67,,12.90,20.66,derived,,,1,,NGC6026
ngc6031,NGC 6031,NGC 6031,,mwsc2352,,open-cluster,Open cluster,OCl,Norma,241.89742,-54.01494,4.80,,8.50,20.53,derived,,,1,,NGC6031
ngc6058,NGC 6058,NGC 6058,,,,planetary-nebula,Planetary nebula,PN,Hercules,241.11058,40.68306,0.38,,12.90,19.43,derived,,,1,,NGC6058
ngc6067,NGC 6067,NGC 6067,,mwsc2370,,open-cluster,Open cluster,OCl,Norma,243.29604,-54.21894,8.10,,5.60,18.77,derived,,,1,,NGC6067
ngc6070,NGC 6070,NGC 6070,,pgc57345|ugc10230,,galaxy,Spiral galaxy,G,Serpens,242.49454,0.70931,3.49,1.84,11.75,22.66,leda,,,1,,NGC6070
ngc6072,NGC 6072,NGC 6072,,eso389-15,,planetary-nebula,Planetary nebula,PN,Scorpius,243.24250,-36.23000,1.17,,11.70,20.67,derived,,,1,,NGC6072
ngc6087,NGC 6087 · C 89,NGC 6087,S Normae Cluster,c89|mwsc2382,,open-cluster,Open cluster,OCl,Norma,244.71075,-57.93458,10.20,,5.40,19.07,derived,,89,1,,NGC6087
ngc6101,NGC 6101 · C 107,NGC 6101,,c107|mwsc2404,,globular-cluster,Globular cluster,GCl,Apus,246.45238,-72.20156,4.50,,10.08,21.97,derived,,107,1,,NGC6101
ngc6118,NGC 6118,NGC 6118,,pgc57924|ugc10350,,galaxy,Spiral galaxy,G,Serpens,245.45258,-2.28344,4.45,1.78,11.71,22.92,leda,,,1,,NGC6118
ngc6124,NGC 6124 · C 75,NGC 6124,,c75|mwsc2403,,open-cluster,Open cluster,OCl,Scorpius,246.33358,-40.65369,13.50,,5.80,20.08,derived,,75,1,,NGC6124
ngc6134,NGC 6134,NGC 6134,,mwsc2412,,open-cluster,Open cluster,OCl,Norma,246.94375,-49.15117,6.90,,7.20,20.02,derived,,,1,,NGC6134
ngc6139,NGC 6139,NGC 6139,,mwsc2411,,globular-cluster,Globular cluster,GCl,Scorpius,246.91879,-38.84975,4.50,,9.68,21.57,derived,,,1,,NGC6139
ngc6140,NGC 6140,NGC 6140,,pgc57886|ugc10359,,galaxy,Spiral galaxy,G,Draco,245.24233,65.39056,2.09,1.78,11.66,21.87,leda,,,1,,NGC6140
ngc6144,NGC 6144,NGC 6144,,mwsc2409,,globular-cluster,Globular cluster,GCl,Scorpius,246.80892,-26.02472,5.40,,9.63,21.92,derived,,,1,,NGC6144
ngc6152,NGC 6152,NGC 6152,,mwsc2423,,open-cluster,Open cluster,OCl,Norma,248.19008,-52.64400,6.60,,8.10,20.83,derived,,,1,,NGC6152
ngc6153,NGC 6153,NGC 6153,,eso331-6,,planetary-nebula,Planetary nebula,PN,Scorpius,247.87767,-40.25344,0.40,,10.90,17.54,derived,,,1,,NGC6153
ngc6164,NGC 6164,NGC 6164,,eso226-13,,emission-nebula,Nebula,Neb,Norma,248.42433,-48.08006,1.41,0.60,,22.50,typical,,,1,,NGC6164
ngc6165,NGC 6165,NGC 6165,,,,emission-nebula,Nebula,Neb,Norma,248.51438,-48.15050,2.50,0.50,,22.50,typical,,,1,,NGC6165
ngc6166,NGC 6166,NGC 6166,,pgc58265|ugc10409,,galaxy,Elliptical galaxy,G,Hercules,247.16033,39.55156,2.14,1.54,11.91,22.41,leda,,,1,,NGC6166
ngc6167,NGC 6167,NGC 6167,,mwsc2425,,open-cluster,Open cluster,OCl,Norma,248.64575,-49.77189,7.20,,6.70,19.62,derived,,,1,,NGC6167
ngc6169,NGC 6169,NGC 6169,,mwsc2424,,open-cluster,Open cluster,OCl,Norma,248.51929,-44.04564,4.20,,6.60,18.34,derived,,,1,,NGC6169
ngc6178,NGC 6178,NGC 6178,,mwsc2428,,open-cluster,Open cluster,OCl,Scorpius,248.94687,-45.64375,6.90,,7.20,20.02,derived,,,1,,NGC6178
ngc6181,NGC 6181,NGC 6181,,pgc58470|ugc10439,,galaxy,Spiral galaxy,G,Hercules,248.08733,19.82656,2.39,0.99,11.82,21.73,leda,,,1,,NGC6181
ngc6188,NGC 6188,NGC 6188,Rim Nebula|Fighting Dragons of Ara,,,emission-nebula,Nebula,Neb,Ara,250.02433,-48.66228,20.00,12.00,,22.50,typical,,,1,,NGC6188
ngc6192,NGC 6192,NGC 6192,,mwsc2440,,open-cluster,Open cluster,OCl,Scorpius,250.09946,-43.36681,7.50,,8.50,21.50,derived,,,1,,NGC6192
ngc6193,NGC 6193 · C 82,NGC 6193,,c82|mwsc2444,,open-cluster,Open cluster,OCl,Ara,250.33429,-48.76253,8.10,,,20.00,typical,,82,1,,NGC6193
ngc6200,NGC 6200,NGC 6200,,mwsc2450,,open-cluster,Open cluster,OCl,Ara,251.03063,-47.46267,8.10,,7.40,20.57,derived,,,1,,NGC6200
ngc6204,NGC 6204,NGC 6204,,mwsc2457,,open-cluster,Open cluster,OCl,Ara,251.53958,-47.01697,4.50,,8.20,20.09,derived,,,1,,NGC6204
ngc6207,NGC 6207,NGC 6207,,pgc58827|ugc10521,,galaxy,Spiral galaxy,G,Hercules,250.76562,36.83242,3.46,1.61,11.29,22.09,leda,,,1,,NGC6207
ngc6208,NGC 6208,NGC 6208,,mwsc2470,,open-cluster,Open cluster,OCl,Ara,252.36746,-53.72833,8.40,,7.20,20.45,derived,,,1,,NGC6208
ngc6210,NGC 6210,NGC 6210,,,,planetary-nebula,Planetary nebula,PN,Hercules,251.12300,23.79983,0.50,,9.65,16.77,derived,,,1,,NGC6210
ngc6215,NGC 6215,NGC 6215,,eso137-46|pgc59112,,galaxy,Spiral galaxy,G,Ara,252.77838,-58.99347,2.64,2.34,11.16,21.91,leda,,,1,,NGC6215
ngc6217,NGC 6217,NGC 6217,,pgc58477|ugc10470,,galaxy,Spiral galaxy,G,Ursa Minor,248.16333,78.19817,2.24,1.63,11.31,21.55,leda,,,1,,NGC6217
ngc6221,NGC 6221,NGC 6221,,eso138-3|pgc59175,,galaxy,Spiral galaxy,G,Ara,253.19200,-59.21861,4.84,3.15,10.16,21.97,leda,,,1,,NGC6221
ngc6229,NGC 6229,NGC 6229,,mwsc2460,,globular-cluster,Globular cluster,GCl,Hercules,251.74525,47.52781,4.80,,9.86,21.89,derived,,,1,,NGC6229
ngc6231,NGC 6231 · C 76,NGC 6231,,c76|mwsc2481,,open-cluster,Open cluster,OCl,Scorpius,253.54550,-41.82425,13.80,,,20.00,typical,,76,1,,NGC6231
ngc6235,NGC 6235,NGC 6235,,mwsc2479,,globular-cluster,Globular cluster,GCl,Ophiuchus,253.35567,-22.17744,4.20,,7.20,18.94,derived,,,1,,NGC6235
ngc6242,NGC 6242,NGC 6242,,mwsc2488,,open-cluster,Open cluster,OCl,Scorpius,253.88933,-39.46094,6.60,,6.40,19.13,derived,,,1,,NGC6242
ngc6249,NGC 6249,NGC 6249,,mwsc2499,,open-cluster,Open cluster,OCl,Scorpius,254.42292,-44.81189,7.60,,8.20,21.23,derived,,,1,,NGC6249
ngc6250,NGC 6250,NGC 6250,,mwsc2500,,cluster-nebula,Cluster with nebula,Cl+N,Ara,254.48362,-45.93664,9.60,,,22.50,typical,,,1,,NGC6250
ngc6259,NGC 6259 · NGC 6222,NGC 6259,,ngc6222|mwsc2511,,open-cluster,Open cluster,OCl,Scorpius,255.18917,-44.65497,6.00,,8.00,20.52,derived,,,1,,NGC6259
ngc6281,NGC 6281,NGC 6281,,mwsc2530,,open-cluster,Open cluster,OCl,Scorpius,256.17208,-37.98522,10.20,,5.40,19.07,derived,,,1,,NGC6281
ngc6284,NGC 6284,NGC 6284,,mwsc2528,,globular-cluster,Globular cluster,GCl,Ophiuchus,256.11979,-24.76433,6.60,,7.43,20.16,derived,,,1,,NGC6284
ngc6287,NGC 6287,NGC 6287,,mwsc2533,,globular-cluster,Globular cluster,GCl,Ophiuchus,256.28892,-22.70800,5.40,,10.30,22.59,derived,,,1,,NGC6287
ngc6293,NGC 6293,NGC 6293,,mwsc2539,,globular-cluster,Globular cluster,GCl,Ophiuchus,257.54338,-26.58175,4.50,,9.02,20.91,derived,,,1,,NGC6293
ngc6300,NGC 6300,NGC 6300,,eso101-25|pgc60001,,galaxy,Spiral galaxy,G,Ara,259.24779,-62.82056,5.33,3.37,10.27,22.31,leda,,,1,,NGC6300
ngc6302,NGC 6302 · C 69,NGC 6302,Bug Nebula|Butterfly Nebula,c69|eso392-5,,planetary-nebula,Planetary nebula,PN,Scorpius,258.43596,-37.10314,0.74,,9.60,17.57,derived,,69,1,,NGC6302
ngc6304,NGC 6304,NGC 6304,,eso454-2|mwsc2550,,globular-cluster,Globular cluster,GCl,Ophiuchus,258.63546,-29.46228,3.60,,9.03,20.44,derived,,,1,,NGC6304
ngc6309,NGC 6309,NGC 6309,Box Nebula,,,planetary-nebula,Planetary nebula,PN,Ophiuchus,258.51792,-12.91056,0.26,,11.50,17.20,derived,,,1,,NGC6309
ngc6316,NGC 6316,NGC 6316,,mwsc2554,,globular-cluster,Globular cluster,GCl,Ophiuchus,259.15587,-28.14003,4.80,,9.03,21.06,derived,,,1,,NGC6316
ngc6322,NGC 6322,NGC 6322,,mwsc2562,,open-cluster,Open cluster,OCl,Scorpius,259.60746,-42.93403,6.30,,6.00,18.63,derived,,,1,,NGC6322
ngc6325,NGC 6325,NGC 6325,,eso519-11|mwsc2560,,globular-cluster,Globular cluster,GCl,Ophiuchus,259.49696,-23.76603,4.02,,10.77,22.42,derived,,,1,,NGC6325
ngc6334,NGC 6334 · Sh2-8,NGC 6334,Cat's Paw Nebula,mwsc2577|sh2-8,,emission-nebula,HII region,HII,Scorpius,260.20708,-36.10272,35.00,20.00,,22.50,typical,,,1,,NGC6334
ngc6337,NGC 6337,NGC 6337,,eso333-5,,planetary-nebula,Planetary nebula,PN,Scorpius,260.56504,-38.48372,0.85,,12.30,20.58,derived,,,1,,NGC6337
ngc6340,NGC 6340,NGC 6340,,pgc59742|ugc10762,,galaxy,Lenticular galaxy,G,Draco,257.60354,72.30444,3.04,2.88,11.11,22.24,leda,,,1,,NGC6340
ngc6342,NGC 6342,NGC 6342,,mwsc2580,,globular-cluster,Globular cluster,GCl,Ophiuchus,260.29225,-19.58742,6.60,,10.01,22.74,derived,,,1,,NGC6342
ngc6352,NGC 6352 · C 81,NGC 6352,,c81|mwsc2592,,globular-cluster,Globular cluster,GCl,Ara,261.37150,-48.42269,7.20,,8.87,21.79,derived,,81,1,,NGC6352
ngc6356,NGC 6356,NGC 6356,,mwsc2585,,globular-cluster,Globular cluster,GCl,Ophiuchus,260.89579,-17.81303,5.40,,7.42,19.71,derived,,,1,,NGC6356
ngc6357,NGC 6357 · Sh2-11,NGC 6357,War and Peace Nebula,mwsc2588|sh2-11,,cluster-nebula,Cluster with nebula,Cl+N,Scorpius,261.18154,-34.20133,25.00,25.00,,22.50,typical,,,1,,NGC6357
ngc6362,NGC 6362,NGC 6362,,mwsc2619,,globular-cluster,Globular cluster,GCl,Ara,262.97850,-67.04786,8.40,,8.86,22.11,derived,,,1,,NGC6362
ngc6369,NGC 6369,NGC 6369,Little Ghost Nebula,eso520-3,,planetary-nebula,Planetary nebula,PN,Ophiuchus,262.33542,-23.75944,0.63,,11.40,19.03,derived,,,1,,NGC6369
ngc6374,NGC 6374 · NGC 6383,NGC 6374,,ngc6383|mwsc2631,,open-cluster,Open cluster,OCl,Scorpius,263.67725,-32.58136,6.90,,5.50,18.32,derived,,,1,,NGC6374
ngc6384,NGC 6384,NGC 6384,,pgc60459|ugc10891,,galaxy,Spiral galaxy,G,Ophiuchus,263.10125,7.06028,2.45,1.11,10.63,20.73,leda,,,1,,NGC6384
ngc6388,NGC 6388,NGC 6388,,mwsc2638,,globular-cluster,Globular cluster,GCl,Scorpius,264.07263,-44.73561,8.40,,6.68,19.93,derived,,,1,,NGC6388
ngc6396,NGC 6396,NGC 6396,,mwsc2644,,open-cluster,Open cluster,OCl,Scorpius,264.40142,-35.02586,3.30,,8.50,19.72,derived,,,1,,NGC6396
ngc6397,NGC 6397 · C 86,NGC 6397,,c86|mwsc2662,,globular-cluster,Globular cluster,GCl,Ara,265.17233,-53.67369,15.30,,5.17,19.72,derived,,86,1,,NGC6397
ngc6400,NGC 6400,NGC 6400,,mwsc2660,,open-cluster,Open cluster,OCl,Scorpius,265.05333,-36.94772,6.00,,8.80,21.32,derived,,,1,,NGC6400
ngc6401,NGC 6401,NGC 6401,,eso520-11|mwsc2653,,globular-cluster,Globular cluster,GCl,Ophiuchus,264.65387,-23.90878,4.50,,10.71,22.60,derived,,,1,,NGC6401
ngc6412,NGC 6412,NGC 6412,,pgc60393|ugc10897,,galaxy,Spiral galaxy,G,Draco,262.40629,75.70442,2.13,1.84,11.83,22.08,leda,,,1,,NGC6412
ngc6425,NGC 6425,NGC 6425,,mwsc2691,,open-cluster,Open cluster,OCl,Scorpius,266.75700,-31.52939,4.80,,7.20,19.23,derived,,,1,,NGC6425
ngc6440,NGC 6440,NGC 6440,,mwsc2701,,globular-cluster,Globular cluster,GCl,Sagittarius,267.21946,-20.35958,5.10,,10.10,22.27,derived,,,1,,NGC6440
ngc6441,NGC 6441,NGC 6441,,mwsc2713,,globular-cluster,Globular cluster,GCl,Scorpius,267.55350,-37.05108,4.80,,8.00,20.03,derived,,,1,,NGC6441
ngc6445,NGC 6445,NGC 6445,Little Gem,eso589-9,,planetary-nebula,Planetary nebula,PN,Sagittarius,267.31275,-20.00950,0.55,,11.20,18.53,derived,,,1,,NGC6445
ngc6451,NGC 6451,NGC 6451,,mwsc2718,,open-cluster,Open cluster,OCl,Scorpius,267.66933,-30.21161,7.20,,8.20,21.12,derived,,,1,,NGC6451
ngc6453,NGC 6453,NGC 6453,,mwsc2722,,globular-cluster,Globular cluster,GCl,Scorpius,267.71546,-34.59989,5.40,,9.77,22.06,derived,,,1,,NGC6453
ngc6469,NGC 6469,NGC 6469,,mwsc2735,,open-cluster,Open cluster,OCl,Sagittarius,268.30054,-22.27511,9.00,,8.20,21.60,derived,,,1,,NGC6469
ngc6482,NGC 6482,NGC 6482,,pgc61009|ugc11009,,galaxy,Elliptical galaxy,G,Hercules,267.95337,23.07194,2.03,1.71,11.33,21.74,leda,,,1,,NGC6482
ngc6492,NGC 6492,NGC 6492,,eso102-22|pgc61315,,galaxy,Spiral galaxy,G,Pavo,270.70146,-66.43064,2.38,1.38,11.94,22.14,leda,,,1,,NGC6492
ngc6496,NGC 6496,NGC 6496,,mwsc2764,,globular-cluster,Globular cluster,GCl,Scorpius,269.76542,-44.26631,4.62,,9.24,21.19,derived,,,1,,NGC6496
ngc6503,NGC 6503,NGC 6503,,pgc60921|ugc11012,,galaxy,Spiral galaxy,G,Draco,267.36012,70.14436,5.94,1.98,10.12,21.81,leda,,,1,,NGC6503
ngc6517,NGC 6517,NGC 6517,,mwsc2780,,globular-cluster,Globular cluster,GCl,Ophiuchus,270.45996,-8.95950,4.80,,10.36,22.39,derived,,,1,,NGC6517
ngc6520,NGC 6520,NGC 6520,,mwsc2790,,open-cluster,Open cluster,OCl,Sagittarius,270.85058,-27.88611,5.40,,7.60,19.89,derived,,,1,,NGC6520
ngc6522,NGC 6522,NGC 6522,,mwsc2792,,globular-cluster,Globular cluster,GCl,Sagittarius,270.89196,-30.03397,3.90,,9.48,21.06,derived,,,1,,NGC6522
ngc6526,NGC 6526,NGC 6526,,,,emission-nebula,Nebula,Neb,Sagittarius,271.02562,-24.44189,40.00,40.00,,22.50,typical,,,1,,NGC6526
ngc6528,NGC 6528,NGC 6528,,eso456-48|mwsc2800,,globular-cluster,Globular cluster,GCl,Sagittarius,271.20671,-30.05578,3.60,,10.65,22.06,derived,,,1,,NGC6528
ngc6530,NGC 6530,NGC 6530,,mwsc2798,,cluster-nebula,Cluster with nebula,Cl+N,Sagittarius,271.12929,-24.35806,6.00,,,22.50,typical,,,1,,NGC6530
ngc6535,NGC 6535,NGC 6535,,mwsc2795,,globular-cluster,Globular cluster,GCl,Serpens,270.96121,-0.29692,3.60,,9.85,21.26,derived,,,1,,NGC6535
ngc6541,NGC 6541 · C 78,NGC 6541,,c78|mwsc2813,,globular-cluster,Globular cluster,GCl,Corona Australis,272.00971,-43.71589,7.50,,7.32,20.32,derived,,78,1,,NGC6541
ngc6543,NGC 6543 · C 6,NGC 6543,Cat's Eye Nebula,c6,,planetary-nebula,Planetary nebula,PN,Draco,269.63912,66.63319,0.90,,9.01,17.41,derived,,6,1,,NGC6543
ngc6544,NGC 6544,NGC 6544,,mwsc2810,,globular-cluster,Globular cluster,GCl,Sagittarius,271.83333,-24.99836,6.00,,9.90,22.42,derived,,,1,,NGC6544
ngc6546,NGC 6546,NGC 6546,,mwsc2812,,open-cluster,Open cluster,OCl,Sagittarius,271.84396,-23.29622,6.90,,8.00,20.82,derived,,,1,,NGC6546
ngc6548,NGC 6548,NGC 6548,,pgc61404|ugc11115,,galaxy,Lenticular galaxy,G,Hercules,271.49683,18.58725,2.65,2.37,11.73,22.59,leda,,,1,,NGC6548
ngc6553,NGC 6553,NGC 6553,,mwsc2824,,globular-cluster,Globular cluster,GCl,Sagittarius,272.32283,-25.90786,5.40,,8.36,20.65,derived,,,1,,NGC6553
ngc6559,NGC 6559 · Sh2-29,NGC 6559,,eso521-40|lbn28|sh2-29,,emission-nebula,Nebula,Neb,Sagittarius,272.48687,-24.10639,15.00,10.00,,22.50,typical,,,1,,NGC6559
ngc6563,NGC 6563,NGC 6563,,eso394-33,,planetary-nebula,Planetary nebula,PN,Sagittarius,273.01042,-33.86833,0.79,,11.00,19.12,derived,,,1,,NGC6563
ngc6568,NGC 6568,NGC 6568,,mwsc2841,,open-cluster,Open cluster,OCl,Sagittarius,273.18437,-21.62803,7.80,,8.60,21.69,derived,,,1,,NGC6568
ngc6569,NGC 6569,NGC 6569,,eso456-77|mwsc2844,,globular-cluster,Globular cluster,GCl,Sagittarius,273.41112,-31.82767,4.50,,9.47,21.36,derived,,,1,,NGC6569
ngc6572,NGC 6572,NGC 6572,,,,planetary-nebula,Planetary nebula,PN,Ophiuchus,273.02587,6.85372,0.18,,8.10,13.00,derived,,,1,,NGC6572
ngc6584,NGC 6584,NGC 6584,,mwsc2885,,globular-cluster,Globular cluster,GCl,Telescopium,274.65688,-52.21517,5.10,,8.17,20.34,derived,,,1,,NGC6584
ngc6589,NGC 6589 · IC 4690,NGC 6589,,ic4690|lbn43,,reflection-nebula,Reflection nebula,RfN,Sagittarius,274.23071,-19.77708,4.00,3.00,,22.50,typical,,,1,,NGC6589
ngc6590,NGC 6590 · NGC 6595 · IC 4700,NGC 6590,,ngc6595|ic4700|lbn46,,reflection-nebula,Reflection nebula,RfN,Sagittarius,274.27079,-19.86606,4.00,3.00,,22.50,typical,,,1,,NGC6590
ngc6604,NGC 6604,NGC 6604,,mwsc2878,,open-cluster,Open cluster,OCl,Serpens,274.51233,-12.24311,9.60,,6.50,20.04,derived,,,1,,NGC6604
ngc6605,NGC 6605,NGC 6605,,mwsc2882,,open-cluster,Open cluster,OCl,Serpens,274.09033,-15.01519,6.30,,6.00,18.63,derived,,,1,,NGC6605
ngc6625,NGC 6625,NGC 6625,,mwsc2903,,open-cluster,Open cluster,OCl,Scutum,275.69708,-11.95500,6.00,,9.00,21.52,derived,,,1,,NGC6625
ngc6629,NGC 6629,NGC 6629,,eso522-26,,planetary-nebula,Planetary nebula,PN,Sagittarius,276.42692,-23.20289,0.26,,11.30,17.00,derived,,,1,,NGC6629
ngc6633,NGC 6633,NGC 6633,,mwsc2917,,open-cluster,Open cluster,OCl,Ophiuchus,276.81346,6.50822,12.00,,4.60,18.62,derived,,,1,,NGC6633
ngc6638,NGC 6638,NGC 6638,,mwsc2933,,globular-cluster,Globular cluster,GCl,Sagittarius,277.73438,-25.49642,4.20,,9.68,21.42,derived,,,1,,NGC6638
ngc6642,NGC 6642,NGC 6642,,eso522-32|mwsc2941,,globular-cluster,Globular cluster,GCl,Sagittarius,277.97592,-23.47614,3.90,,10.24,21.82,derived,,,1,,NGC6642
ngc6643,NGC 6643,NGC 6643,,pgc61742|ugc11218,,galaxy,Spiral galaxy,G,Draco,274.94338,74.56836,3.32,1.63,11.11,21.86,leda,,,1,,NGC6643
ngc6645,NGC 6645,NGC 6645,,mwsc2946,,open-cluster,Open cluster,OCl,Sagittarius,278.15792,-16.88389,5.40,,8.50,20.79,derived,,,1,,NGC6645
ngc6647,NGC 6647,NGC 6647,,mwsc2939,,open-cluster,Open cluster,OCl,Sagittarius,278.20558,-17.22867,3.60,,8.00,19.41,derived,,,1,,NGC6647
ngc6649,NGC 6649,NGC 6649,,mwsc2949,,open-cluster,Open cluster,OCl,Scutum,278.36650,-10.40281,5.58,,8.90,21.26,derived,,,1,,NGC6649
ngc6652,NGC 6652,NGC 6652,,mwsc2960,,globular-cluster,Globular cluster,GCl,Sagittarius,278.94062,-32.99031,5.10,,9.75,21.92,derived,,,1,,NGC6652
ngc6654,NGC 6654,NGC 6654,,pgc61833|ugc11238,,galaxy,Lenticular galaxy,G,Draco,276.03154,73.18322,2.91,2.23,11.84,22.87,leda,,,1,,NGC6654
ngc6664,NGC 6664,NGC 6664,,mwsc2962,,open-cluster,Open cluster,OCl,Scutum,279.13896,-8.22075,6.00,,7.80,20.32,derived,,,1,,NGC6664
ngc6673,NGC 6673,NGC 6673,,eso140-44|pgc62351,,galaxy,Elliptical galaxy,G,Pavo,281.27633,-62.29722,2.60,1.44,11.72,22.62,leda,,,1,,NGC6673
ngc6684,NGC 6684,NGC 6684,,eso104-16|pgc62453,,galaxy,Lenticular galaxy,G,Pavo,282.24117,-65.17344,4.19,2.96,10.50,22.34,leda,,,1,,NGC6684
ngc6703,NGC 6703,NGC 6703,,pgc62409|ugc11356,,galaxy,Elliptical galaxy,G,Lyra,281.82846,45.55064,2.43,2.38,11.38,22.07,leda,,,1,,NGC6703
ngc6709,NGC 6709,NGC 6709,,mwsc3009,,open-cluster,Open cluster,OCl,Aquila,282.82892,10.31875,8.70,,6.70,20.03,derived,,,1,,NGC6709
ngc6712,NGC 6712,NGC 6712,,mwsc3014,,globular-cluster,Globular cluster,GCl,Scutum,283.27038,-8.70547,5.70,,8.69,21.10,derived,,,1,,NGC6712
ngc6716,NGC 6716,NGC 6716,,mwsc3020,,open-cluster,Open cluster,OCl,Sagittarius,283.64321,-19.90108,7.20,,7.50,20.42,derived,,,1,,NGC6716
ngc6717,NGC 6717,NGC 6717,,eso523-14|mwsc3024,,globular-cluster,Globular cluster,GCl,Sagittarius,283.77517,-22.70161,3.90,,10.35,21.93,derived,,,1,,NGC6717
ngc6726,NGC 6726,NGC 6726,,,,reflection-nebula,Reflection nebula,RfN,Corona Australis,285.41375,-36.89131,9.00,7.00,,22.50,typical,,,1,,NGC6726
ngc6727,NGC 6727,NGC 6727,,,,reflection-nebula,Reflection nebula,RfN,Corona Australis,285.42612,-36.87625,80.00,80.00,,22.50,typical,,,1,,NGC6727
ngc6729,NGC 6729 · C 68,NGC 6729,,c68,,reflection-nebula,Reflection nebula,RfN,Corona Australis,285.48083,-36.95764,25.00,20.00,,22.50,typical,,68,1,,NGC6729
ngc6743,NGC 6743,NGC 6743,,mwsc3036,,open-cluster,Open cluster,OCl,Lyra,285.33612,29.27747,6.90,,7.83,20.65,derived,,,1,,NGC6743
ngc6744,NGC 6744 · C 101,NGC 6744,,c101|eso104-42|pgc62836,,galaxy,Spiral galaxy,G,Pavo,287.44208,-63.85753,15.67,9.75,8.57,22.90,leda,,101,1,,NGC6744
ngc6751,NGC 6751 · NGC 6748,NGC 6751,,ngc6748,,planetary-nebula,Planetary nebula,PN,Aquila,286.48146,-5.99231,0.34,,11.90,18.19,derived,,,1,,NGC6751
ngc6752,NGC 6752 · NGC 6777 · C 93,NGC 6752,,ngc6777|c93|mwsc3062,,globular-cluster,Globular cluster,GCl,Pavo,287.71575,-59.98186,13.20,,6.28,20.51,derived,,93,1,,NGC6752
ngc6753,NGC 6753,NGC 6753,,eso184-22|pgc62870,,galaxy,Spiral galaxy,G,Pavo,287.84850,-57.04956,2.97,2.60,11.04,22.05,leda,,,1,,NGC6753
ngc6755,NGC 6755,NGC 6755,,mwsc3051,,open-cluster,Open cluster,OCl,Aquila,286.95438,4.26642,6.00,,7.50,20.02,derived,,,1,,NGC6755
ngc6758,NGC 6758,NGC 6758,,eso184-37|pgc62935,,galaxy,Elliptical galaxy,G,Telescopium,288.46808,-56.30994,2.75,2.14,11.66,22.71,leda,,,1,,NGC6758
ngc6760,NGC 6760,NGC 6760,,mwsc3064,,globular-cluster,Globular cluster,GCl,Aquila,287.80025,1.03047,5.40,,9.78,22.07,derived,,,1,,NGC6760
ngc6765,NGC 6765,NGC 6765,,,,planetary-nebula,Planetary nebula,PN,Lyra,287.77708,30.54556,0.67,,12.90,20.66,derived,,,1,,NGC6765
ngc6769,NGC 6769,NGC 6769,,eso141-48|pgc63042,,galaxy,Spiral galaxy,G,Pavo,289.59450,-60.50108,2.86,2.19,11.77,22.60,leda,,,1,,NGC6769
ngc6770,NGC 6770,NGC 6770,,eso141-49|pgc63048,,galaxy,Spiral galaxy,G,Pavo,289.65550,-60.49647,2.39,1.72,11.86,22.25,leda,,,1,,NGC6770
ngc6772,NGC 6772,NGC 6772,,,,planetary-nebula,Planetary nebula,PN,Aquila,288.65125,-2.70681,1.07,,12.70,21.48,derived,,,1,,NGC6772
ngc6774,NGC 6774,NGC 6774,,mwsc3078,,open-cluster,Open cluster,OCl,Sagittarius,289.06792,-16.26069,30.00,,,20.00,typical,,,1,,NGC6774
ngc6778,NGC 6778 · NGC 6785,NGC 6778,,ngc6785,,planetary-nebula,Planetary nebula,PN,Aquila,289.60354,-1.59636,0.26,,12.30,18.00,derived,,,1,,NGC6778
ngc6781,NGC 6781,NGC 6781,,,,planetary-nebula,Planetary nebula,PN,Aquila,289.61775,6.53972,1.80,,11.40,21.30,derived,,,1,,NGC6781
ngc6782,NGC 6782,NGC 6782,,eso142-1|pgc63168,,galaxy,Spiral galaxy,G,Pavo,290.99125,-59.92247,2.45,1.49,11.98,22.42,leda,,,1,,NGC6782
ngc6802,NGC 6802,NGC 6802,,mwsc3134,,open-cluster,Open cluster,OCl,Vulpecula,292.64600,20.26097,4.50,,8.80,20.69,derived,,,1,,NGC6802
ngc6804,NGC 6804,NGC 6804,,,,planetary-nebula,Planetary nebula,PN,Aquila,292.89746,9.22517,0.58,,12.00,19.45,derived,,,1,,NGC6804
ngc6810,NGC 6810,NGC 6810,,eso142-35|pgc63571,,galaxy,Spiral galaxy,G,Pavo,295.89271,-58.65558,3.79,1.05,11.42,22.30,leda,,,1,,NGC6810
ngc6811,NGC 6811,NGC 6811,,mwsc3143,,open-cluster,Open cluster,OCl,Cygnus,294.32463,46.38883,7.20,,6.80,19.72,derived,,,1,,NGC6811
ngc6814,NGC 6814,NGC 6814,,pgc63545,,galaxy,Spiral galaxy,G,Aquila,295.66933,-10.32350,3.08,0.74,11.32,21.45,leda,,,1,,NGC6814
ngc6818,NGC 6818,NGC 6818,Little Gem Nebula,,,planetary-nebula,Planetary nebula,PN,Sagittarius,295.99054,-14.15317,0.77,,9.30,17.36,derived,,,1,,NGC6818
ngc6819,NGC 6819,NGC 6819,Foxhead Cluster,mwsc3155,,open-cluster,Open cluster,OCl,Cygnus,295.32538,40.18675,6.90,,7.30,20.12,derived,,,1,,NGC6819
ngc6822,NGC 6822 · IC 4895 · C 57,NGC 6822,Barnard's Galaxy,ic4895|c57|pgc63616,,galaxy,Irregular galaxy,G,Sagittarius,296.24058,-14.80344,17.38,16.75,8.91,23.80,leda,,57,1,,NGC6822
ngc6823,NGC 6823,NGC 6823,,lbn135|mwsc3163,,cluster-nebula,Cluster with nebula,Cl+N,Vulpecula,295.79121,23.29994,6.00,,,22.50,typical,,,1,,NGC6823
ngc6826,NGC 6826 · C 15,NGC 6826,Blinking Planetary,c15,,planetary-nebula,Planetary nebula,PN,Cygnus,296.20046,50.52503,0.42,,9.44,16.18,derived,,15,1,,NGC6826
ngc6830,NGC 6830,NGC 6830,,mwsc3191,,open-cluster,Open cluster,OCl,Vulpecula,297.74825,23.10014,4.20,,7.90,19.64,derived,,,1,,NGC6830
ngc6834,NGC 6834,NGC 6834,,mwsc3197,,open-cluster,Open cluster,OCl,Cygnus,298.05233,29.40817,4.50,,7.80,19.69,derived,,,1,,NGC6834
ngc6847,NGC 6847,NGC 6847,,lbn151,,cluster-nebula,Cluster with nebula,Cl+N,Cygnus,299.15758,30.21292,10.00,10.00,,22.50,typical,,,1,,NGC6847
ngc6851,NGC 6851 · NGC 6861A,NGC 6851,,ngc6861a|eso233-21|pgc64044,,galaxy,Elliptical galaxy,G,Telescopium,300.89321,-48.28450,2.18,1.70,11.84,22.38,leda,,,1,,NGC6851
ngc6852,NGC 6852,NGC 6852,,,,planetary-nebula,Planetary nebula,PN,Aquila,300.16317,1.72811,0.47,,12.60,19.59,derived,,,1,,NGC6852
ngc6861,NGC 6861 · IC 4949,NGC 6861,,ic4949|eso233-32|pgc64136,,galaxy,Elliptical galaxy,G,Telescopium,301.83117,-48.37022,3.18,2.36,11.04,22.29,leda,,,1,,NGC6861
ngc6866,NGC 6866,NGC 6866,,mwsc3239,,open-cluster,Open cluster,OCl,Cygnus,300.97992,44.15911,5.10,,7.60,19.77,derived,,,1,,NGC6866
ngc6868,NGC 6868,NGC 6868,,eso233-39|pgc64192,,galaxy,Elliptical galaxy,G,Telescopium,302.47529,-48.37956,3.58,3.13,10.59,22.24,leda,,,1,,NGC6868
ngc6871,NGC 6871,NGC 6871,,mwsc3253,,open-cluster,Open cluster,OCl,Cygnus,301.49767,35.77725,9.30,,5.20,18.67,derived,,,1,,NGC6871
ngc6872,NGC 6872,NGC 6872,,eso73-32|pgc64413,,galaxy,Spiral galaxy,G,Pavo,304.23567,-70.76794,4.70,1.80,11.64,23.05,leda,,,1,,NGC6872
ngc6876,NGC 6876,NGC 6876,,eso73-35|pgc64447,,galaxy,Elliptical galaxy,G,Pavo,304.57979,-70.85881,3.46,3.00,10.83,22.40,leda,,,1,,NGC6876
ngc6882,NGC 6882 · NGC 6885 · C 37,NGC 6882,,ngc6885|c37|mwsc3278,,open-cluster,Open cluster,OCl,Vulpecula,302.98275,26.48881,7.50,,8.10,21.10,derived,,37,1,,NGC6882
ngc6883,NGC 6883,NGC 6883,,mwsc3275,,open-cluster,Open cluster,OCl,Cygnus,302.83229,35.83219,4.50,,8.00,19.89,derived,,,1,,NGC6883
ngc6888,NGC 6888 · C 27 · Sh2-105,NGC 6888,Crescent Nebula,c27|lbn203|sh2-105,,emission-nebula,HII region,HII,Cygnus,303.02729,38.35494,20.00,10.00,,22.50,typical,,27,1,,NGC6888
ngc6891,NGC 6891,NGC 6891,,,,planetary-nebula,Planetary nebula,PN,Delphinus,303.78683,12.70436,0.25,,10.50,16.12,derived,,,1,,NGC6891
ngc6893,NGC 6893,NGC 6893,,eso234-6|pgc64507,,galaxy,Lenticular galaxy,G,Telescopium,305.20683,-48.23908,2.87,1.78,11.71,22.72,leda,,,1,,NGC6893
ngc6894,NGC 6894,NGC 6894,,,,planetary-nebula,Planetary nebula,PN,Cygnus,304.10021,30.56508,0.67,,12.30,20.06,derived,,,1,,NGC6894
ngc6902,NGC 6902 · IC 4948,NGC 6902,,ic4948|eso285-8|pgc64632,,galaxy,Spiral galaxy,G,Sagittarius,306.11725,-43.65353,2.69,2.11,11.48,22.20,leda,,,1,,NGC6902
ngc6903,NGC 6903,NGC 6903,,eso596-29|pgc64607,,galaxy,Elliptical galaxy,G,Capricornus,305.93692,-19.32542,2.24,2.04,11.95,22.45,leda,,,1,,NGC6903
ngc6905,NGC 6905,NGC 6905,Blue Flash Nebula,,,planetary-nebula,Planetary nebula,PN,Delphinus,305.59579,20.10453,0.67,,11.10,18.86,derived,,,1,,NGC6905
ngc6907,NGC 6907,NGC 6907,,eso528-3|pgc64650|ugca418,,galaxy,Spiral galaxy,G,Capricornus,306.27763,-24.80917,3.33,2.68,11.16,22.33,leda,,,1,,NGC6907
ngc6909,NGC 6909,NGC 6909,,eso285-12|pgc64725,,galaxy,Elliptical galaxy,G,Telescopium,306.91204,-47.02703,2.36,1.29,11.99,22.68,leda,,,1,,NGC6909
ngc6910,NGC 6910,NGC 6910,,mwsc3327,,open-cluster,Open cluster,OCl,Cygnus,305.80021,40.77861,6.30,,7.40,20.03,derived,,,1,,NGC6910
ngc6914,NGC 6914,NGC 6914,,lbn274,,reflection-nebula,Reflection nebula,RfN,Cygnus,306.18042,42.48264,3.00,3.00,,22.50,typical,,,1,,NGC6914
ngc6925,NGC 6925 · IC 5015,NGC 6925,,ic5015|eso463-4|pgc64980,,galaxy,Spiral galaxy,G,Microscopium,308.58571,-31.98089,4.68,1.16,11.35,22.40,leda,,,1,,NGC6925
ngc6934,NGC 6934 · C 47,NGC 6934,,c47|mwsc3369,,globular-cluster,Globular cluster,GCl,Delphinus,308.54787,7.40411,5.40,,9.75,22.04,derived,,47,1,,NGC6934
ngc6935,NGC 6935,NGC 6935,,eso234-59|pgc65112,,galaxy,Spiral galaxy,G,Indus,309.58425,-52.11044,2.18,1.91,12.00,22.37,leda,,,1,,NGC6935
ngc6939,NGC 6939,NGC 6939,,mwsc3357,,open-cluster,Open cluster,OCl,Cepheus,307.87554,60.66208,12.00,,7.80,21.82,derived,,,1,,NGC6939
ngc6940,NGC 6940,NGC 6940,,mwsc3370,,open-cluster,Open cluster,OCl,Vulpecula,308.61121,28.28272,10.80,,6.30,20.10,derived,,,1,,NGC6940
ngc6942,NGC 6942,NGC 6942,,eso186-73|pgc65172,,galaxy,Lenticular galaxy,G,Indus,310.15771,-54.30306,2.24,1.71,11.97,22.40,leda,,,1,,NGC6942
ngc6943,NGC 6943,NGC 6943,,eso74-6|pgc65295,,galaxy,Spiral galaxy,G,Pavo,311.14058,-68.74772,3.75,2.22,11.39,22.56,leda,,,1,,NGC6943
ngc6946,NGC 6946 · C 12,NGC 6946,Fireworks Galaxy,c12|pgc65001|ugc11597,,galaxy,Spiral galaxy,G,Cygnus,308.71800,60.15392,11.40,10.84,9.05,23.02,leda,,12,1,,NGC6946
ngc6951,NGC 6951 · NGC 6952,NGC 6951,,ngc6952|pgc65086|ugc11604,,galaxy,Spiral galaxy,G,Cepheus,309.30871,66.10564,3.19,2.09,11.21,22.14,leda,,,1,,NGC6951
ngc6958,NGC 6958,NGC 6958,,eso341-15|pgc65436,,galaxy,Elliptical galaxy,G,Microscopium,312.17746,-37.99742,2.44,1.88,11.40,22.20,leda,,,1,,NGC6958
ngc6960,NGC 6960 · C 34,NGC 6960,Western Veil|Filamentary Nebula|Witch's Broom Nebula,c34,Veil Nebula,supernova-remnant,Supernova remnant,SNR,Cygnus,311.49242,30.59514,70.00,6.00,,23.00,typical,,34,1,,NGC6960
ngc6962,NGC 6962,NGC 6962,,pgc65375|ugc11628,,galaxy,Spiral galaxy,G,Aquarius,311.82942,0.32081,2.70,2.00,11.89,22.61,leda,,,1,,NGC6962
ngc6979,NGC 6979,NGC 6979,Pickering's Triangle|Fleming's Triangular Wisp,,Veil Nebula,supernova-remnant,Supernova remnant,SNR,Cygnus,312.61671,32.02589,7.00,3.00,,23.00,typical,,,1,,NGC6979
ngc6991,NGC 6991,NGC 6991,,,,open-cluster,Open cluster,OCl,Cygnus,313.71667,47.46167,23.00,,,20.00,typical,,,1,,NGC6991
ngc6992,NGC 6992 · C 33,NGC 6992,Eastern Veil|Network Nebula,c33,Veil Nebula,supernova-remnant,Supernova remnant,SNR,Cygnus,314.07946,31.74275,60.00,8.00,,23.00,typical,,33,1,,NGC6992
ngc6995,NGC 6995,NGC 6995,Eastern Veil (southern part)|Eastern Veil|Network Nebula,,Veil Nebula,supernova-remnant,Supernova remnant,SNR,Cygnus,314.29483,31.23517,12.00,12.00,,23.00,typical,,,1,,NGC6995
ngc6997,NGC 6997,NGC 6997,,mwsc3432,,cluster-nebula,Cluster with nebula,Cl+N,Cygnus,314.16438,44.63150,6.90,,,22.50,typical,,,1,,NGC6997
ngc7000,NGC 7000 · C 20 · Sh2-117,NGC 7000,North America Nebula,c20|lbn373|sh2-117,,emission-nebula,HII region,HII,Cygnus,314.82142,44.52878,120.00,100.00,4.00,22.83,derived,,20,1,,NGC7000
ngc7006,NGC 7006 · C 42,NGC 7006,,c42|mwsc3446,,globular-cluster,Globular cluster,GCl,Delphinus,315.37187,16.18753,4.20,,10.46,22.20,derived,,42,1,,NGC7006
ngc7007,NGC 7007,NGC 7007,,eso187-48|pgc66069,,galaxy,Elliptical galaxy,G,Indus,316.36633,-52.55197,3.39,1.23,11.95,23.27,leda,,,1,,NGC7007
ngc7008,NGC 7008,NGC 7008,Fetus Nebula,,,planetary-nebula,Planetary nebula,PN,Cygnus,315.13667,54.54319,1.43,,10.70,20.11,derived,,,1,,NGC7008
ngc7009,NGC 7009 · C 55,NGC 7009,Saturn Nebula,c55,,planetary-nebula,Planetary nebula,PN,Aquarius,316.04496,-11.36325,0.70,0.52,8.00,15.53,derived,,55,1,,NGC7009
ngc7013,NGC 7013,NGC 7013,,pgc66003|ugc11670,,galaxy,Spiral galaxy,G,Cygnus,315.88992,29.89747,4.16,1.33,11.30,22.74,leda,,,1,,NGC7013
ngc7020,NGC 7020 · NGC 7021,NGC 7020,,ngc7021|eso107-13|pgc66291,,galaxy,Lenticular galaxy,G,Pavo,317.83371,-64.02533,4.10,1.67,11.74,23.47,leda,,,1,,NGC7020
ngc7023,NGC 7023 · C 4,NGC 7023,Iris Nebula,c4|lbn487,,reflection-nebula,Reflection nebula,RfN,Cepheus,315.39842,68.16956,10.00,8.00,,22.50,typical,,4,1,,NGC7023
ngc7026,NGC 7026,NGC 7026,,,,planetary-nebula,Planetary nebula,PN,Cygnus,316.57700,47.85219,0.33,,10.90,17.12,derived,,,1,,NGC7026
ngc7029,NGC 7029,NGC 7029,,eso235-72|pgc66318,,galaxy,Elliptical galaxy,G,Indus,317.96688,-49.28372,2.75,1.57,11.67,22.69,leda,,,1,,NGC7029
ngc7039,NGC 7039,NGC 7039,,mwsc3474,,open-cluster,Open cluster,OCl,Cygnus,317.69917,45.62181,7.80,,7.60,20.69,derived,,,1,,NGC7039
ngc7041,NGC 7041,NGC 7041,,eso235-82|pgc66463,,galaxy,Elliptical galaxy,G,Indus,319.13492,-48.36356,3.46,1.47,11.30,22.68,leda,,,1,,NGC7041
ngc7048,NGC 7048,NGC 7048,,,,planetary-nebula,Planetary nebula,PN,Cygnus,318.56333,46.28861,1.02,,12.10,20.77,derived,,,1,,NGC7048
ngc7049,NGC 7049,NGC 7049,,eso236-1|pgc66549,,galaxy,Lenticular galaxy,G,Indus,319.75125,-48.56217,3.94,2.69,10.55,22.26,leda,,,1,,NGC7049
ngc7062,NGC 7062,NGC 7062,,mwsc3505,,open-cluster,Open cluster,OCl,Cygnus,320.86450,46.37853,3.60,,8.30,19.71,derived,,,1,,NGC7062
ngc7063,NGC 7063,NGC 7063,,mwsc3507,,open-cluster,Open cluster,OCl,Cygnus,321.09042,36.48750,6.30,,7.00,19.63,derived,,,1,,NGC7063
ngc7079,NGC 7079,NGC 7079,,eso287-36|pgc66934,,galaxy,Lenticular galaxy,G,Grus,323.14688,-44.06756,2.30,1.44,11.65,22.18,leda,,,1,,NGC7079
ngc7082,NGC 7082,NGC 7082,,mwsc3517,,open-cluster,Open cluster,OCl,Cygnus,322.32392,47.12628,9.00,,7.20,20.60,derived,,,1,,NGC7082
ngc7083,NGC 7083,NGC 7083,,eso107-36|pgc67023,,galaxy,Spiral galaxy,G,Indus,323.93621,-63.90283,3.56,1.98,11.24,22.28,leda,,,1,,NGC7083
ngc7086,NGC 7086,NGC 7086,,mwsc3520,,open-cluster,Open cluster,OCl,Cygnus,322.61479,51.60053,4.80,,8.40,20.43,derived,,,1,,NGC7086
ngc7090,NGC 7090,NGC 7090,,eso188-12|pgc67045,,galaxy,Spiral galaxy,G,Indus,324.12025,-54.55733,8.15,1.63,10.87,22.88,leda,,,1,,NGC7090
ngc7095,NGC 7095,NGC 7095,,eso27-1|pgc67546,,galaxy,Spiral galaxy,G,Octans,328.11017,-81.53083,2.71,2.21,11.92,22.76,leda,,,1,,NGC7095
ngc7096,NGC 7096 · IC 5121,NGC 7096,,ic5121|eso107-46|pgc67168,,galaxy,Spiral galaxy,G,Indus,325.33033,-63.90869,2.10,1.98,11.97,22.29,leda,,,1,,NGC7096
ngc7140,NGC 7140 · NGC 7141,NGC 7140,,ngc7141|eso189-7|pgc67532,,galaxy,Spiral galaxy,G,Indus,328.06379,-55.56967,3.04,2.07,11.68,22.53,leda,,,1,,NGC7140
ngc7144,NGC 7144,NGC 7144,,eso237-11|pgc67557,,galaxy,Elliptical galaxy,G,Grus,328.17679,-48.25375,3.41,3.20,11.00,22.53,leda,,,1,,NGC7144
ngc7145,NGC 7145,NGC 7145,,eso237-13|pgc67583,,galaxy,Elliptical galaxy,G,Grus,328.33433,-47.88244,2.95,0.76,11.12,22.24,leda,,,1,,NGC7145
ngc7160,NGC 7160,NGC 7160,,mwsc3572,,open-cluster,Open cluster,OCl,Cepheus,328.41779,62.60331,4.20,,6.10,17.84,derived,,,1,,NGC7160
ngc7168,NGC 7168,NGC 7168,,eso237-26|pgc67882,,galaxy,Elliptical galaxy,G,Indus,330.53083,-51.74308,2.23,1.64,11.90,22.50,leda,,,1,,NGC7168
ngc7177,NGC 7177,NGC 7177,,pgc67823|ugc11872,,galaxy,Spiral galaxy,G,Pegasus,330.17183,17.73806,2.85,1.93,11.13,21.88,leda,,,1,,NGC7177
ngc7184,NGC 7184,NGC 7184,,eso601-9|pgc67904|ugca425,,galaxy,Spiral galaxy,G,Aquarius,330.66592,-20.81283,5.98,1.26,11.00,22.43,leda,,,1,,NGC7184
ngc7192,NGC 7192,NGC 7192,,eso108-12|pgc68057,,galaxy,Elliptical galaxy,G,Indus,331.70900,-64.31625,2.42,2.31,11.28,22.08,leda,,,1,,NGC7192
ngc7205,NGC 7205,NGC 7205,,eso146-9|pgc68128,,galaxy,Spiral galaxy,G,Tucana,332.14288,-57.44258,3.70,1.71,10.97,21.96,leda,,,1,,NGC7205
ngc7209,NGC 7209,NGC 7209,,mwsc3585,,open-cluster,Open cluster,OCl,Lacerta,331.28267,46.48353,6.00,,7.70,20.22,derived,,,1,,NGC7209
ngc7213,NGC 7213,NGC 7213,,eso288-43|pgc68165,,galaxy,Spiral galaxy,G,Grus,332.31796,-47.16661,4.84,3.89,10.24,22.30,leda,,,1,,NGC7213
ngc7217,NGC 7217,NGC 7217,,pgc68096|ugc11914,,galaxy,Spiral galaxy,G,Pegasus,331.96829,31.35933,4.52,3.84,10.47,22.37,leda,,,1,,NGC7217
ngc7218,NGC 7218,NGC 7218,,pgc68199,,galaxy,Spiral galaxy,G,Aquarius,332.54879,-16.66100,2.55,1.07,11.91,21.96,leda,,,1,,NGC7218
ngc7232,NGC 7232,NGC 7232,,eso289-7|pgc68431,,galaxy,Lenticular galaxy,G,Grus,333.90833,-45.85008,2.86,1.04,11.89,22.58,leda,,,1,,NGC7232
ngc7243,NGC 7243 · C 16,NGC 7243,,c16|mwsc3602,,open-cluster,Open cluster,OCl,Lacerta,333.78575,49.89750,15.00,,6.40,20.91,derived,,16,1,,NGC7243
ngc7261,NGC 7261,NGC 7261,,mwsc3617,,open-cluster,Open cluster,OCl,Cepheus,335.02662,58.05183,6.90,,8.40,21.22,derived,,,1,,NGC7261
ngc7293,NGC 7293 · C 63,NGC 7293,Helix Nebula,c63|eso602-22,,planetary-nebula,Planetary nebula,PN,Aquarius,337.41071,-20.83733,16.33,,7.30,21.99,derived,,63,1,,NGC7293
ngc7314,NGC 7314,NGC 7314,,eso533-53|pgc69253,,galaxy,Spiral galaxy,G,Piscis Austrinus,338.94246,-26.05047,4.21,1.71,11.22,22.39,leda,,,1,,NGC7314
ngc7329,NGC 7329,NGC 7329,,eso109-12|pgc69453,,galaxy,Spiral galaxy,G,Tucana,340.10092,-66.47897,3.12,2.37,11.70,22.69,leda,,,1,,NGC7329
ngc7331,NGC 7331 · C 30,NGC 7331,,c30|pgc69327|ugc12113,Deer Lick Group,galaxy,Spiral galaxy,G,Pegasus,339.26671,34.41553,9.27,3.76,9.41,22.29,leda,,30,1,,NGC7331
ngc7332,NGC 7332,NGC 7332,,pgc69342|ugc12115,,galaxy,Lenticular galaxy,G,Pegasus,339.35225,23.79833,2.95,0.71,11.05,22.05,leda,,,1,,NGC7332
ngc7354,NGC 7354,NGC 7354,,,,planetary-nebula,Planetary nebula,PN,Cepheus,340.08171,61.28483,0.38,,12.20,18.73,derived,,,1,,NGC7354
ngc7377,NGC 7377,NGC 7377,,eso534-26|pgc69733,,galaxy,Lenticular galaxy,G,Aquarius,341.94792,-22.31211,3.92,3.13,11.19,22.87,leda,,,1,,NGC7377
ngc7380,NGC 7380 · Sh2-142,NGC 7380,Wizard Nebula,lbn511|mwsc3659|sh2-142,,cluster-nebula,Cluster with nebula,Cl+N,Cepheus,341.83754,58.13242,25.00,20.00,,22.50,typical,,,1,,NGC7380
ngc7392,NGC 7392,NGC 7392,,eso603-22|pgc69887,,galaxy,Spiral galaxy,G,Aquarius,342.95308,-20.60808,2.24,1.19,11.84,21.84,leda,,,1,,NGC7392
ngc7410,NGC 7410,NGC 7410,,eso346-12|pgc69994,,galaxy,Spiral galaxy,G,Grus,343.75396,-39.66133,6.01,1.77,10.49,22.61,leda,,,1,,NGC7410
ngc7412,NGC 7412,NGC 7412,,eso290-24|pgc70027,,galaxy,Spiral galaxy,G,Grus,343.94063,-42.64203,3.79,2.79,11.33,22.74,leda,,,1,,NGC7412
ngc7418,NGC 7418,NGC 7418,,eso406-25|pgc70069,,galaxy,Spiral galaxy,G,Grus,344.15067,-37.03008,3.66,2.83,11.04,22.38,leda,,,1,,NGC7418
ngc7421,NGC 7421,NGC 7421,,eso346-17|pgc70083,,galaxy,Spiral galaxy,G,Grus,344.22638,-37.34725,2.38,1.95,11.99,22.46,leda,,,1,,NGC7421
ngc7424,NGC 7424,NGC 7424,,eso346-19|pgc70096,,galaxy,Spiral galaxy,G,Grus,344.32654,-41.07058,5.01,2.69,10.18,21.89,leda,,,1,,NGC7424
ngc7448,NGC 7448,NGC 7448,,pgc70213|ugc12294,,galaxy,Spiral galaxy,G,Pegasus,345.01496,15.98033,2.07,0.81,11.69,21.25,leda,,,1,,NGC7448
ngc7456,NGC 7456,NGC 7456,,eso346-26|pgc70304,,galaxy,Spiral galaxy,G,Grus,345.54342,-39.56939,5.15,1.76,11.88,23.22,leda,,,1,,NGC7456
ngc7457,NGC 7457,NGC 7457,,pgc70258|ugc12306,,galaxy,Elliptical galaxy,G,Pegasus,345.24971,30.14494,3.95,2.25,10.98,22.68,leda,,,1,,NGC7457
ngc7462,NGC 7462,NGC 7462,,eso346-28|pgc70324,,galaxy,Spiral galaxy,G,Grus,345.69371,-40.83525,4.99,0.84,11.63,22.63,leda,,,1,,NGC7462
ngc7479,NGC 7479 · C 44,NGC 7479,,c44|pgc70419|ugc12343,,galaxy,Spiral galaxy,G,Pegasus,346.23604,12.32289,3.65,2.72,11.09,22.40,leda,,44,1,,NGC7479
ngc7492,NGC 7492,NGC 7492,,mwsc3705,,globular-cluster,Globular cluster,GCl,Aquarius,347.11117,-15.61147,3.00,,10.48,21.49,derived,,,1,,NGC7492
ngc7496,NGC 7496,NGC 7496,,eso291-1|pgc70588,,galaxy,Spiral galaxy,G,Grus,347.44704,-43.42794,3.40,2.17,11.14,22.21,leda,,,1,,NGC7496
ngc7507,NGC 7507,NGC 7507,,eso469-19|pgc70676,,galaxy,Elliptical galaxy,G,Sculptor,348.03162,-28.53961,3.33,3.20,10.42,21.92,leda,,,1,,NGC7507
ngc7510,NGC 7510,NGC 7510,,mwsc3706,,open-cluster,Open cluster,OCl,Cepheus,347.76575,60.57089,3.90,,7.90,19.48,derived,,,1,,NGC7510
ngc7513,NGC 7513,NGC 7513,,eso469-22|pgc70714|ugca437,,galaxy,Spiral galaxy,G,Sculptor,348.30846,-28.35750,3.19,1.92,11.80,22.68,leda,,,1,,NGC7513
ngc7531,NGC 7531,NGC 7531,,eso291-10|pgc70800,,galaxy,Spiral galaxy,G,Grus,348.70208,-43.59994,4.11,1.72,11.25,22.37,leda,,,1,,NGC7531
ngc7538,NGC 7538 · Sh2-158,NGC 7538,,lbn542|mwsc3707|sh2-158,,cluster-nebula,Cluster with nebula,Cl+N,Cepheus,348.41096,61.51239,8.00,7.00,,22.50,typical,,,1,,NGC7538
ngc7541,NGC 7541 · NGC 7581,NGC 7541,,ngc7581|pgc70795|ugc12447,,galaxy,Spiral galaxy,G,Pisces,348.68288,4.53436,3.03,1.00,11.76,22.03,leda,,,1,,NGC7541
ngc7552,NGC 7552 · IC 5294,NGC 7552,,ic5294|eso291-12|pgc70884,,galaxy,Spiral galaxy,G,Grus,349.04483,-42.58475,3.88,3.58,10.44,22.07,leda,,,1,,NGC7552
ngc7562,NGC 7562,NGC 7562,,pgc70874|ugc12464,,galaxy,Elliptical galaxy,G,Pisces,348.98958,6.68753,2.18,1.59,11.55,22.09,leda,,,1,,NGC7562
ngc7582,NGC 7582,NGC 7582,,eso291-16|pgc71001,,galaxy,Spiral galaxy,G,Grus,349.59792,-42.37056,6.95,3.18,11.03,23.50,leda,,,1,,NGC7582
ngc7585,NGC 7585,NGC 7585,,pgc70986,,galaxy,Lenticular galaxy,G,Aquarius,349.50558,-4.65031,2.55,1.92,11.52,22.27,leda,,,1,,NGC7585
ngc7590,NGC 7590,NGC 7590,,eso347-33|pgc71031,,galaxy,Spiral galaxy,G,Grus,349.72838,-42.23906,3.03,1.23,11.52,21.96,leda,,,1,,NGC7590
ngc7599,NGC 7599 · IC 5308,NGC 7599,,ic5308|eso347-34|pgc71066,,galaxy,Spiral galaxy,G,Grus,349.83808,-42.25683,4.81,1.58,11.35,22.59,leda,,,1,,NGC7599
ngc7600,NGC 7600,NGC 7600,,pgc71029,,galaxy,Elliptical galaxy,G,Aquarius,349.72442,-7.58044,2.09,0.99,11.95,22.24,leda,,,1,,NGC7600
ngc7606,NGC 7606,NGC 7606,,pgc71047,,galaxy,Spiral galaxy,G,Aquarius,349.76992,-8.48508,5.26,4.47,11.00,23.22,leda,,,1,,NGC7606
ngc7619,NGC 7619,NGC 7619,,pgc71121|ugc12523,,galaxy,Elliptical galaxy,G,Pegasus,350.06054,8.20625,2.53,1.97,11.06,21.94,leda,,,1,,NGC7619
ngc7626,NGC 7626,NGC 7626,,pgc71140|ugc12531,,galaxy,Elliptical galaxy,G,Pegasus,350.17729,8.21697,2.50,2.10,11.12,21.98,leda,,,1,,NGC7626
ngc7635,NGC 7635 · C 11 · Sh2-162,NGC 7635,Bubble Nebula,c11|lbn548|sh2-162,,emission-nebula,HII region,HII,Cassiopeia,350.19000,61.21236,15.00,8.00,,22.50,typical,,11,1,,NGC7635
ngc7640,NGC 7640,NGC 7640,,pgc71220|ugc12554,,galaxy,Spiral galaxy,G,Andromeda,350.52742,40.84542,8.09,1.67,11.01,23.01,leda,,,1,,NGC7640
ngc7662,NGC 7662 · C 22,NGC 7662,Blue Snowball Nebula|Copeland's Blue Snowball,c22,,planetary-nebula,Planetary nebula,PN,Andromeda,351.47458,42.53494,0.28,,8.30,14.16,derived,,22,1,,NGC7662
ngc7686,NGC 7686,NGC 7686,,mwsc3734,,open-cluster,Open cluster,OCl,Andromeda,352.53075,49.13411,3.60,,5.60,17.01,derived,,,1,,NGC7686
ngc7689,NGC 7689,NGC 7689,,eso192-7|pgc71729,,galaxy,Spiral galaxy,G,Phoenix,353.31971,-54.09447,3.10,1.97,11.56,22.38,leda,,,1,,NGC7689
ngc7713,NGC 7713,NGC 7713,,eso347-28|pgc71866,,galaxy,Spiral galaxy,G,Sculptor,354.06246,-37.93808,4.91,2.13,11.18,22.66,leda,,,1,,NGC7713
ngc7721,NGC 7721,NGC 7721,,pgc72001,,galaxy,Spiral galaxy,G,Aquarius,354.70271,-6.51786,3.08,0.77,11.68,21.77,leda,,,1,,NGC7721
ngc7723,NGC 7723,NGC 7723,,pgc72009,,galaxy,Spiral galaxy,G,Aquarius,354.73783,-12.96108,3.29,2.32,11.21,22.27,leda,,,1,,NGC7723
ngc7727,NGC 7727,NGC 7727,,pgc72060,,galaxy,Spiral galaxy,G,Aquarius,354.97383,-12.29278,3.61,2.75,10.64,22.04,leda,,,1,,NGC7727
ngc7741,NGC 7741,NGC 7741,,pgc72237|ugc12754,,galaxy,Spiral galaxy,G,Pegasus,355.97654,26.07561,3.63,2.38,11.27,22.45,leda,,,1,,NGC7741
ngc7743,NGC 7743,NGC 7743,,pgc72263|ugc12759,,galaxy,Lenticular galaxy,G,Pegasus,356.08808,9.93408,2.61,2.18,11.50,22.32,leda,,,1,,NGC7743
ngc7744,NGC 7744 · IC 5348,NGC 7744,,ic5348|eso292-17|pgc72300,,galaxy,Elliptical galaxy,G,Phoenix,356.24683,-42.91092,2.48,2.11,11.85,22.57,leda,,,1,,NGC7744
ngc7755,NGC 7755,NGC 7755,,eso471-20|pgc72444|ugca443,,galaxy,Spiral galaxy,G,Sculptor,356.96567,-30.52203,3.70,2.27,11.68,22.85,leda,,,1,,NGC7755
ngc7789,NGC 7789,NGC 7789,Caroline's Rose Cluster,mwsc3779,,open-cluster,Open cluster,OCl,Cassiopeia,359.35025,56.70828,14.40,,6.70,21.12,derived,,,1,,NGC7789
ngc7790,NGC 7790,NGC 7790,,mwsc3781,,open-cluster,Open cluster,OCl,Cassiopeia,359.60108,61.20831,3.60,,8.50,19.91,derived,,,1,,NGC7790
ngc7793,NGC 7793,NGC 7793,,eso349-12|pgc73049,,galaxy,Spiral galaxy,G,Sculptor,359.45763,-32.59103,10.42,6.05,9.29,22.64,leda,,,1,,NGC7793
ngc7796,NGC 7796,NGC 7796,,eso149-7|pgc73126,,galaxy,Elliptical galaxy,G,Phoenix,359.74904,-55.45831,2.73,2.38,11.47,22.52,leda,,,1,,NGC7796
ngc7814,NGC 7814 · C 43,NGC 7814,,c43|pgc218|ugc8,,galaxy,Spiral galaxy,G,Pegasus,0.81204,16.14542,4.37,1.88,10.60,22.04,leda,,43,1,,NGC7814
ngc7822,NGC 7822 · Sh2-171,NGC 7822,,lbn589|sh2-171,,emission-nebula,HII region,HII,Cepheus,0.89729,67.16164,100.00,100.00,,22.50,typical,,,1,,NGC7822
ic10,IC 10,IC 10,,pgc1305|ugc192,,galaxy,Irregular galaxy,G,Cassiopeia,5.07225,59.30378,6.76,6.03,11.33,24.08,leda,,,1,,IC0010
ic59,IC 59,IC 59,,lbn620,,reflection-nebula,Reflection nebula,RfN,Cassiopeia,14.36921,61.14367,10.00,5.00,,22.50,typical,,,1,,IC0059
ic63,IC 63,IC 63,Ghost of Cassiopeia,lbn622,,emission-nebula,HII region,HII,Cassiopeia,14.87017,60.91169,10.00,3.00,,22.50,typical,,,1,,IC0063
ic239,IC 239,IC 239,,pgc9899|ugc2080,,galaxy,Spiral galaxy,G,Andromeda,39.11617,38.96992,4.25,4.01,11.20,23.03,leda,,,1,,IC0239
ic284,IC 284,IC 284,,pgc11643|ugc2531,,galaxy,Spiral galaxy,G,Perseus,46.54129,42.37192,4.29,2.15,11.59,22.89,leda,,,1,,IC0284
ic334,IC 334,IC 334,,pgc13759|ugc2824,,galaxy,Galaxy,G,Camelopardalis,56.32117,76.63831,2.34,1.85,11.50,21.94,leda,,,1,,IC0334
ic341,IC 341,IC 341,,,,emission-nebula,Nebula,Neb,Taurus,55.23204,21.96019,134.90,,,22.50,typical,,,1,,IC0341
ic342,IC 342 · C 5,IC 342,Hidden Galaxy,c5|pgc13826|ugc2847,,galaxy,Spiral galaxy,G,Camelopardalis,56.70208,68.09636,19.77,18.79,9.11,24.28,leda,,5,1,,IC0342
ic348,IC 348 · IC 1985,IC 348,Omicron Persei Cloud,ic1985|lbn758|mwsc301,,cluster-nebula,Cluster with nebula,Cl+N,Perseus,56.14246,32.16283,10.00,10.00,,22.50,typical,,,1,,IC0348
ic349,IC 349,IC 349,Barnard's Merope Nebula,,,reflection-nebula,Reflection nebula,RfN,Taurus,56.58379,23.93981,25.70,,,22.50,typical,,,1,,IC0349
ic353,IC 353,IC 353,,,,emission-nebula,Nebula,Neb,Taurus,58.25446,25.84800,181.97,30.20,,22.50,typical,,,1,,IC0353
ic354,IC 354,IC 354,,,,emission-nebula,Nebula,Neb,Taurus,58.49129,23.14700,128.82,,,22.50,typical,,,1,,IC0354
ic356,IC 356,IC 356,,pgc14508|ugc2953,,galaxy,Spiral galaxy,G,Camelopardalis,61.94546,69.81244,4.02,3.73,10.81,22.52,leda,,,1,,IC0356
ic359a,IC 359A,IC 359A,,lbn782,,reflection-nebula,Reflection nebula,RfN,Taurus,64.67083,28.29000,15.00,10.00,,22.50,typical,,,1,,IC0359A
ic360,IC 360,IC 360,,lbn786,,emission-nebula,Nebula,Neb,Taurus,62.26071,26.13119,180.00,100.00,,22.50,typical,,,1,,IC0360
ic405,IC 405 · C 31 · Sh2-229,IC 405,Flaming Star Nebula,c31|lbn795|sh2-229,,emission-nebula,Nebula,Neb,Auriga,79.12283,34.35617,50.00,30.00,,22.50,typical,,31,1,,IC0405
ic410,IC 410 · Sh2-236,IC 410,Tadpoles Nebula,lbn807|sh2-236,,emission-nebula,Nebula,Neb,Auriga,80.67500,33.36667,40.00,30.00,,22.50,typical,,,1,,IC0410
ic417,IC 417 · Sh2-234,IC 417,,lbn804|sh2-234,,emission-nebula,HII region,HII,Auriga,82.02500,34.42394,13.00,10.00,,22.50,typical,,,1,,IC0417
ic418,IC 418,IC 418,Spirograph Nebula,,,planetary-nebula,Planetary nebula,PN,Lepus,81.86746,-12.69728,0.20,,9.44,14.57,derived,,,1,,IC0418
ic420,IC 420,IC 420,,,,emission-nebula,Nebula,Neb,Orion,83.03958,-4.50475,6.03,,,22.50,typical,,,1,,IC0420
ic423,IC 423,IC 423,,lbn913,,emission-nebula,Nebula,Neb,Orion,83.34171,-0.61450,6.00,3.50,,22.50,typical,,,1,,IC0423
ic426,IC 426,IC 426,,lbn921,,emission-nebula,Nebula,Neb,Orion,84.13075,-0.29831,10.00,3.00,,22.50,typical,,,1,,IC0426
ic430,IC 430,IC 430,,,,emission-nebula,Nebula,Neb,Orion,84.64987,-7.08311,10.96,,,22.50,typical,,,1,,IC0430
ic431,IC 431,IC 431,,lbn944,,reflection-nebula,Reflection nebula,RfN,Orion,85.05846,-1.46281,8.00,5.00,,22.50,typical,,,1,,IC0431
ic432,IC 432,IC 432,,lbn946,,reflection-nebula,Reflection nebula,RfN,Orion,85.23325,-1.50700,10.00,10.00,,22.50,typical,,,1,,IC0432
ic434,IC 434,IC 434,Horsehead Nebula,lbn953|b33,,emission-nebula,HII region,HII,Orion,85.25367,-2.45378,90.00,30.00,,22.50,typical,,,1,,IC0434
ic435,IC 435,IC 435,,,,reflection-nebula,Reflection nebula,RfN,Orion,85.75238,-2.31261,3.98,3.02,,22.50,typical,,,1,,IC0435
ic443,IC 443 · Sh2-248,IC 443,Jellyfish Nebula,lbn844|sh2-248,,supernova-remnant,Supernova remnant,SNR,Gemini,94.15588,22.53167,50.00,40.00,,23.00,typical,,,1,,IC0443
ic444,IC 444,IC 444,,lbn840,,reflection-nebula,Reflection nebula,RfN,Gemini,94.64167,23.31333,8.00,4.00,,22.50,typical,,,1,,IC0444
ic446,IC 446 · IC 2167,IC 446,,ic2167|lbn898|mwsc890,,cluster-nebula,Cluster with nebula,Cl+N,Monoceros,97.77575,10.45928,5.00,4.00,,22.50,typical,,,1,,IC0446
ic447,IC 447 · IC 2169,IC 447,,ic2169|lbn903,,reflection-nebula,Reflection nebula,RfN,Monoceros,97.75133,9.89744,25.00,20.00,,22.50,typical,,,1,,IC0447
ic448,IC 448,IC 448,,lbn931,,emission-nebula,HII region,HII,Monoceros,98.18892,7.38864,15.00,10.00,,22.50,typical,,,1,,IC0448
ic520,IC 520,IC 520,,pgc24970|ugc4630,,galaxy,Spiral galaxy,G,Camelopardalis,133.42608,73.49094,2.10,1.63,11.83,22.03,leda,,,1,,IC0520
ic750,IC 750,IC 750,,pgc37719|ugc6973,,galaxy,Spiral galaxy,G,Ursa Major,179.71750,42.72247,2.11,1.02,11.82,21.73,leda,,,1,,IC0750
ic983,IC 983,IC 983,,pgc50577|ugc9061,,galaxy,Spiral galaxy,G,Boötes,212.51821,17.73383,2.32,2.01,11.96,22.41,leda,,,1,,IC0983
ic1029,IC 1029,IC 1029,,pgc51955|ugc9361,,galaxy,Spiral galaxy,G,Boötes,218.11358,49.90461,2.78,0.45,11.29,21.10,leda,,,1,,IC1029
ic1274,IC 1274,IC 1274,,lbn33,,emission-nebula,HII region,HII,Sagittarius,272.46263,-23.64822,20.00,5.00,,22.50,typical,,,1,,IC1274
ic1283,IC 1283,IC 1283,,lbn47,,emission-nebula,HII region,HII,Sagittarius,274.32021,-19.76222,15.00,15.00,,22.50,typical,,,1,,IC1283
ic1284,IC 1284 · Sh2-37,IC 1284,,sh2-37,,emission-nebula,Nebula,Neb,Sagittarius,274.41512,-19.67203,16.98,15.14,,22.50,typical,,,1,,IC1284
ic1287,IC 1287,IC 1287,,lbn75,,reflection-nebula,Reflection nebula,RfN,Scutum,277.85704,-10.79581,20.00,10.00,,22.50,typical,,,1,,IC1287
ic1295,IC 1295,IC 1295,,,,planetary-nebula,Planetary nebula,PN,Scutum,283.65471,-8.82703,1.50,,12.50,22.01,derived,,,1,,IC1295
ic1310,IC 1310,IC 1310,,lbn181|mwsc3273,,cluster-nebula,Cluster with nebula,Cl+N,Cygnus,302.50408,34.96889,15.00,3.00,,22.50,typical,,,1,,IC1310
ic1340,IC 1340,IC 1340,,,,supernova-remnant,Supernova remnant,SNR,Cygnus,314.03438,31.04786,25.12,19.95,,23.00,typical,,,1,,IC1340
ic1396,IC 1396 · Sh2-131,IC 1396,Elephant's Trunk Nebula,lbn451|lbn452|mwsc3539|sh2-131,,cluster-nebula,Cluster with nebula,Cl+N,Cepheus,324.74008,57.48906,170.00,140.00,,22.50,typical,,,1,,IC1396
ic1438,IC 1438,IC 1438,,eso602-1|pgc68469,,galaxy,Spiral galaxy,G,Aquarius,334.12121,-21.43069,2.33,2.16,12.00,22.53,leda,,,1,,IC1438
ic1459,IC 1459 · IC 5265,IC 1459,,ic5265|eso406-30|pgc70090,,galaxy,Elliptical galaxy,G,Grus,344.29421,-36.46222,4.61,3.23,10.54,22.72,leda,,,1,,IC1459
ic1590,IC 1590,IC 1590,,mwsc85,,cluster-nebula,Cluster with nebula,Cl+N,Cassiopeia,13.20917,56.64303,6.30,,,22.50,typical,,,1,,IC1590
ic1613,IC 1613 · C 51,IC 1613,,c51|pgc3844|ugc668,,galaxy,Irregular galaxy,G,Cetus,16.19912,2.11778,18.32,17.14,9.54,24.53,leda,,51,1,,IC1613
ic1633,IC 1633,IC 1633,,eso243-46|pgc4149,,galaxy,Elliptical galaxy,G,Phoenix,17.48158,-45.93119,2.90,2.16,11.39,22.57,leda,,,1,,IC1633
ic1727,IC 1727,IC 1727,,pgc6574|ugc1249,,galaxy,Irregular galaxy,G,Triangulum,26.87454,27.33336,6.52,2.44,11.57,23.51,leda,,,1,,IC1727
ic1795,IC 1795,IC 1795,Fish Head Nebula,lbn645,,emission-nebula,HII region,HII,Cassiopeia,36.63317,62.04164,12.00,12.00,,22.50,typical,,,1,,IC1795
ic1805,IC 1805 · Sh2-190,IC 1805,Heart Nebula,lbn654|mwsc209|sh2-190,,cluster-nebula,Cluster with nebula,Cl+N,Cassiopeia,38.17296,61.45689,150.00,150.00,,22.50,typical,,,1,,IC1805
ic1831,IC 1831,IC 1831,,,,emission-nebula,Nebula,Neb,Cassiopeia,40.98500,62.41164,120.23,,,22.50,typical,,,1,,IC1831
ic1848,IC 1848 · Sh2-199,IC 1848,Soul Nebula|Westerhout 5,lbn667|mwsc236|sh2-199,,cluster-nebula,Cluster with nebula,Cl+N,Cassiopeia,42.79413,60.40247,150.00,75.00,,22.50,typical,,,1,,IC1848
ic1871,IC 1871,IC 1871,,lbn675,,emission-nebula,HII region,HII,Cassiopeia,44.34079,60.67236,4.00,4.00,,22.50,typical,,,1,,IC1871
ic1953,IC 1953,IC 1953,,eso548-38|pgc13184|ugca78,,galaxy,Spiral galaxy,G,Eridanus,53.42446,-21.47864,2.26,1.19,11.96,21.93,leda,,,1,,IC1953
ic1954,IC 1954,IC 1954,,eso200-36|pgc13090,,galaxy,Spiral galaxy,G,Horologium,52.88079,-51.90483,2.99,1.71,11.58,22.29,leda,,,1,,IC1954
ic1993,IC 1993,IC 1993,,eso358-65|pgc13840,,galaxy,Spiral galaxy,G,Fornax,56.77004,-33.70986,2.81,2.48,11.90,22.79,leda,,,1,,IC1993
ic2006,IC 2006,IC 2006,,eso359-7|pgc14077,,galaxy,Elliptical galaxy,G,Eridanus,58.61854,-35.96714,2.36,1.98,11.34,22.07,leda,,,1,,IC2006
ic2051,IC 2051,IC 2051,,eso4-7|pgc13999,,galaxy,Spiral galaxy,G,Mensa,58.00346,-83.83069,2.86,1.72,11.23,21.87,leda,,,1,,IC2051
ic2087,IC 2087,IC 2087,,lbn813,,emission-nebula,Nebula,Neb,Taurus,69.99988,25.74222,4.00,4.00,,22.50,typical,,,1,,IC2087
ic2128,IC 2128,IC 2128,,eso56-113,,cluster-nebula,Cluster with nebula,Cl+N,Dorado,80.68404,-68.06108,4.80,3.60,,22.50,typical,,,1,,IC2128
ic2162,IC 2162 · Sh2-255,IC 2162,,lbn859|sh2-255,,emission-nebula,HII region,HII,Orion,93.26958,17.98008,4.00,4.00,,22.50,typical,,,1,,IC2162
ic2163,IC 2163,IC 2163,,eso556-9|pgc18751|ugca125,,galaxy,Spiral galaxy,G,Canis Major,94.11658,-21.37586,3.37,0.95,11.11,21.48,leda,,,1,,IC2163
ic2177,IC 2177 · Sh2-292,IC 2177,Seagull Nebula,lbn1027|sh2-292,,reflection-nebula,Reflection nebula,RfN,Monoceros,106.15379,-10.47106,20.00,20.00,,22.50,typical,,,1,,IC2177
ic2220,IC 2220,IC 2220,Toby Jug Nebula,eso124-3,,reflection-nebula,Reflection nebula,RfN,Carina,119.21229,-59.12578,5.00,,,22.50,typical,,,1,,IC2220
ic2233,IC 2233,IC 2233,,pgc23071|ugc4278,,galaxy,Spiral galaxy,G,Lynx,123.49546,45.74214,2.88,0.40,11.88,21.27,leda,,,1,,IC2233
ic2311,IC 2311,IC 2311,,eso495-2|pgc23304,,galaxy,Elliptical galaxy,G,Puppis,124.69158,-25.36975,2.14,1.99,11.52,22.05,leda,,,1,,IC2311
ic2391,IC 2391 · C 85,IC 2391,Omicron Velorum Cluster,c85|mwsc1529,,open-cluster,Open cluster,OCl,Vela,130.13283,-53.03547,29.10,,2.50,18.45,derived,,85,1,,IC2391
ic2395,IC 2395,IC 2395,,mwsc1537,,open-cluster,Open cluster,OCl,Vela,130.62546,-48.15056,6.00,,4.60,17.12,derived,,,1,,IC2395
ic2469,IC 2469,IC 2469,,eso433-17|pgc26561|ugca163,,galaxy,Spiral galaxy,G,Pyxis,140.75442,-32.44975,5.79,1.17,11.09,22.68,leda,,,1,,IC2469
ic2488,IC 2488,IC 2488,,mwsc1671,,open-cluster,Open cluster,OCl,Vela,141.90929,-57.00694,7.20,,7.40,20.32,derived,,,1,,IC2488
ic2522,IC 2522,IC 2522,,eso374-10|pgc28606|ugca189,,galaxy,Spiral galaxy,G,Antlia,148.78733,-33.13714,2.30,1.74,12.00,22.37,leda,,,1,,IC2522
ic2533,IC 2533,IC 2533,,eso435-27|pgc28948,,galaxy,Elliptical galaxy,G,Antlia,150.13196,-31.24500,2.04,1.45,11.97,22.25,leda,,,1,,IC2533
ic2554,IC 2554,IC 2554,,eso92-12|pgc29512,,galaxy,Spiral galaxy,G,Carina,152.21067,-67.03086,3.31,1.29,11.70,22.31,leda,,,1,,IC2554
ic2574,IC 2574,IC 2574,Coddington's Nebula,pgc30819|ugc5666,,galaxy,Irregular galaxy,G,Ursa Major,157.09783,68.41214,12.91,5.57,10.46,24.02,leda,,,1,,IC2574
ic2581,IC 2581,IC 2581,,mwsc1805,,open-cluster,Open cluster,OCl,Carina,156.87146,-57.61731,6.00,,,20.00,typical,,,1,,IC2581
ic2597,IC 2597,IC 2597,,eso501-58|pgc31586,,galaxy,Elliptical galaxy,G,Hydra,159.44771,-27.08169,2.62,1.73,11.97,22.91,leda,,,1,,IC2597
ic2599,IC 2599,IC 2599,,,,emission-nebula,HII region,HII,Carina,159.36288,-58.73339,20.00,20.00,,22.50,typical,,,1,,IC2599
ic2602,IC 2602 · C 102,IC 2602,Southern Pleiades|Theta Carinae Cluster,c102|mwsc1841,,open-cluster,Open cluster,OCl,Carina,160.73946,-64.39419,48.00,,,20.00,typical,,102,1,,IC2602
ic2627,IC 2627,IC 2627,,eso502-21|pgc33860|ugca227,,galaxy,Spiral galaxy,G,Crater,167.47246,-23.72594,2.40,1.70,12.00,22.36,leda,,,1,,IC2627
ic2714,IC 2714,IC 2714,,mwsc1930,,open-cluster,Open cluster,OCl,Carina,169.36396,-62.72511,7.20,,8.20,21.12,derived,,,1,,IC2714
ic2872,IC 2872,IC 2872,,,,emission-nebula,Nebula,Neb,Centaurus,172.03346,-62.98894,15.14,6.03,,22.50,typical,,,1,,IC2872
ic2944,IC 2944 · C 100,IC 2944,Running Chicken Nebula|Lambda Centauri Nebula,c100|mwsc1957,,cluster-nebula,Cluster with nebula,Cl+N,Centaurus,173.94554,-63.01983,75.00,75.00,,22.50,typical,,100,1,,IC2944
ic2948,IC 2948,IC 2948,,mwsc1961,,cluster-nebula,Cluster with nebula,Cl+N,Centaurus,174.77475,-63.44386,6.00,,,22.50,typical,,,1,,IC2948
ic2966,IC 2966,IC 2966,,,,reflection-nebula,Reflection nebula,RfN,Musca,177.55646,-64.87294,3.00,2.00,,22.50,typical,,,1,,IC2966
ic3370,IC 3370,IC 3370,,eso322-14|pgc40887,,galaxy,Elliptical galaxy,G,Centaurus,186.90554,-39.33778,3.12,2.29,11.18,22.51,leda,,,1,,IC3370
ic3568,IC 3568,IC 3568,,ugc7731,,planetary-nebula,Planetary nebula,PN,Camelopardalis,188.27825,82.56392,0.38,,10.60,17.13,derived,,,1,,IC3568
ic3829,IC 3829,IC 3829,,eso442-26|pgc43642,,galaxy,Lenticular galaxy,G,Hydra,193.05542,-29.84067,3.41,1.04,11.70,23.03,leda,,,1,,IC3829
ic3896,IC 3896,IC 3896,,eso219-12|pgc44180,,galaxy,Elliptical galaxy,G,Centaurus,194.18013,-50.34686,3.05,2.12,11.31,22.59,leda,,,1,,IC3896
ic4182,IC 4182,IC 4182,,pgc45314|ugc8188,,galaxy,Irregular galaxy,G,Canes Venatici,196.45642,37.60489,6.01,5.52,11.61,24.11,leda,,,1,,IC4182
ic4214,IC 4214,IC 4214,,eso444-5|pgc46304,,galaxy,Spiral galaxy,G,Centaurus,199.42788,-32.10169,2.96,1.84,11.40,22.31,leda,,,1,,IC4214
ic4296,IC 4296,IC 4296,,eso383-39|pgc48040,,galaxy,Elliptical galaxy,G,Centaurus,204.16262,-33.96583,4.62,2.43,10.51,22.67,leda,,,1,,IC4296
ic4329,IC 4329,IC 4329,,eso445-46|pgc49025,,galaxy,Elliptical galaxy,G,Centaurus,207.27212,-30.29586,4.74,2.65,11.29,23.38,leda,,,1,,IC4329
ic4351,IC 4351,IC 4351,,eso445-84|pgc49676|ugca376,,galaxy,Spiral galaxy,G,Hydra,209.47608,-29.31572,6.55,1.04,11.62,23.23,leda,,,1,,IC4351
ic4402,IC 4402,IC 4402,,eso272-5|pgc51288,,galaxy,Spiral galaxy,G,Lupus,215.30454,-46.29789,5.78,0.96,11.29,22.68,leda,,,1,,IC4402
ic4406,IC 4406,IC 4406,,eso272-6,,planetary-nebula,Planetary nebula,PN,Lupus,215.61033,-44.15019,0.58,,10.20,17.65,derived,,,1,,IC4406
ic4499,IC 4499,IC 4499,,mwsc2263,,globular-cluster,Globular cluster,GCl,Apus,225.08021,-82.21350,5.10,,8.56,20.73,derived,,,1,,IC4499
ic4591,IC 4591,IC 4591,,lbn1096,,emission-nebula,HII region,HII,Scorpius,243.07567,-27.92775,12.00,10.00,,22.50,typical,,,1,,IC4591
ic4592,IC 4592,IC 4592,Blue Horsehead Nebula,lbn1113,,reflection-nebula,Reflection nebula,RfN,Scorpius,242.99446,-19.45467,60.00,40.00,,22.50,typical,,,1,,IC4592
ic4593,IC 4593,IC 4593,,,,planetary-nebula,Planetary nebula,PN,Hercules,242.93542,12.07139,0.66,,10.70,18.43,derived,,,1,,IC4593
ic4601,IC 4601,IC 4601,,,,emission-nebula,Nebula,Neb,Scorpius,245.07417,-20.08731,20.00,10.00,,22.50,typical,,,1,,IC4601
ic4603,IC 4603,IC 4603,,lbn1109,,emission-nebula,Nebula,Neb,Ophiuchus,246.35200,-24.46836,20.00,5.00,,22.50,typical,,,1,,IC4603
ic4604,IC 4604,IC 4604,Rho Ophiuchi Nebula,lbn1111,,reflection-nebula,Reflection nebula,RfN,Ophiuchus,246.37988,-23.43658,60.00,25.00,,22.50,typical,,,1,,IC4604
ic4605,IC 4605,IC 4605,,lbn1110,,reflection-nebula,Reflection nebula,RfN,Scorpius,247.55200,-25.11517,30.00,15.00,,22.50,typical,,,1,,IC4605
ic4628,IC 4628,IC 4628,Prawn Nebula,,,emission-nebula,Nebula,Neb,Scorpius,254.24346,-40.45097,89.13,58.88,,22.50,typical,,,1,,IC4628
ic4637,IC 4637,IC 4637,,eso332-21,,planetary-nebula,Planetary nebula,PN,Scorpius,256.29508,-40.88636,0.31,,12.50,18.59,derived,,,1,,IC4637
ic4642,IC 4642,IC 4642,,eso180-4,,planetary-nebula,Planetary nebula,PN,Ara,257.93842,-55.39900,0.28,,12.60,18.46,derived,,,1,,IC4642
ic4651,IC 4651,IC 4651,,mwsc2590,,open-cluster,Open cluster,OCl,Ara,261.20475,-49.93825,9.60,,6.90,20.44,derived,,,1,,IC4651
ic4662,IC 4662,IC 4662,,eso102-14|pgc60849|pgc60851,,galaxy,Irregular galaxy,G,Pavo,266.78696,-64.64175,2.09,0.83,11.10,20.64,leda,,,1,,IC4662
ic4665,IC 4665,IC 4665,,mwsc2689,,open-cluster,Open cluster,OCl,Ophiuchus,266.61325,5.64872,24.60,,4.20,19.78,derived,,,1,,IC4665
ic4673,IC 4673,IC 4673,,eso521-15,,planetary-nebula,Planetary nebula,PN,Sagittarius,270.82667,-27.10611,0.25,,13.00,18.62,derived,,,1,,IC4673
ic4678,IC 4678,IC 4678,,,,emission-nebula,Nebula,Neb,Sagittarius,271.63946,-23.95444,,,10.40,22.50,typical,,,1,,IC4678
ic4684,IC 4684,IC 4684,,lbn34,,reflection-nebula,Reflection nebula,RfN,Sagittarius,272.28517,-23.43544,3.00,2.00,,22.50,typical,,,1,,IC4684
ic4685,IC 4685,IC 4685,,,,emission-nebula,Nebula,Neb,Sagittarius,272.32292,-23.98725,15.00,10.00,,22.50,typical,,,1,,IC4685
ic4701,IC 4701 · Sh2-44,IC 4701,,lbn55|sh2-44,,emission-nebula,Nebula,Neb,Sagittarius,274.14892,-16.64828,60.00,40.00,,22.50,typical,,,1,,IC4701
ic4706,IC 4706,IC 4706,,,,emission-nebula,Nebula,Neb,Sagittarius,274.90392,-16.03128,3.47,,,22.50,typical,,,1,,IC4706
ic4707,IC 4707,IC 4707,,,,emission-nebula,Nebula,Neb,Sagittarius,274.97463,-16.00925,3.47,,,22.50,typical,,,1,,IC4707
ic4710,IC 4710,IC 4710,,eso103-22|pgc61922,,galaxy,Irregular galaxy,G,Pavo,277.15821,-66.98228,3.49,2.99,12.00,23.31,leda,,,1,,IC4710
ic4721,IC 4721,IC 4721,,eso140-27|pgc62066,,galaxy,Spiral galaxy,G,Pavo,278.60317,-58.49661,5.30,1.64,11.82,23.20,leda,,,1,,IC4721
ic4756,IC 4756,IC 4756,,mwsc2967,,open-cluster,Open cluster,OCl,Serpens,279.71462,5.46217,24.00,,4.60,20.13,derived,,,1,,IC4756
ic4765,IC 4765,IC 4765,,eso104-6|pgc62407,,galaxy,Elliptical galaxy,G,Pavo,281.82471,-63.33133,3.79,2.84,11.19,22.97,leda,,,1,,IC4765
ic4797,IC 4797,IC 4797,,eso183-29|pgc62589,,galaxy,Elliptical galaxy,G,Telescopium,284.12367,-54.30578,2.62,1.85,11.32,22.27,leda,,,1,,IC4797
ic4812,IC 4812,IC 4812,,,,emission-nebula,Nebula,Neb,Corona Australis,285.26513,-37.06033,10.00,6.92,,22.50,typical,,,1,,IC4812
ic4837a,IC 4837A,IC 4837A,,pgc62964,,galaxy,Spiral galaxy,G,Telescopium,288.81737,-54.13250,4.47,0.85,11.71,22.60,leda,,,1,,IC4837A
ic4889,IC 4889 · IC 4891,IC 4889,,ic4891|eso185-14|pgc63620|pgc63621,,galaxy,Elliptical galaxy,G,Telescopium,296.31313,-54.34414,2.99,2.49,11.22,22.46,leda,,,1,,IC4889
ic4901,IC 4901,IC 4901,,eso142-50|pgc63797,,galaxy,Spiral galaxy,G,Pavo,298.59804,-58.71356,3.68,2.54,11.65,22.90,leda,,,1,,IC4901
ic4931,IC 4931,IC 4931,,eso339-23|pgc63976,,galaxy,Elliptical galaxy,G,Sagittarius,300.20983,-38.57506,2.28,1.43,11.88,22.51,leda,,,1,,IC4931
ic4946,IC 4946,IC 4946,,eso285-7|pgc64614,,galaxy,Lenticular galaxy,G,Sagittarius,305.99196,-43.99528,2.50,0.90,11.92,22.34,leda,,,1,,IC4946
ic4954,IC 4954,IC 4954,,lbn153,,emission-nebula,HII region,HII,Vulpecula,301.18758,29.25281,3.00,1.00,,22.50,typical,,,1,,IC4954
ic4991,IC 4991,IC 4991,,eso340-11|pgc64450,,galaxy,Lenticular galaxy,G,Sagittarius,304.59700,-41.05017,2.91,2.13,11.54,22.59,leda,,,1,,IC4991
ic4996,IC 4996,IC 4996,,mwsc3297,,open-cluster,Open cluster,OCl,Cygnus,304.13862,37.55528,6.00,,7.30,19.82,derived,,,1,,IC4996
ic5011,IC 5011 · IC 5013,IC 5011,,ic5013|eso400-29|pgc64772,,galaxy,Lenticular galaxy,G,Microscopium,307.14092,-36.02711,3.01,1.32,11.84,22.93,leda,,,1,,IC5011
ic5052,IC 5052,IC 5052,,eso74-15|pgc65603,,galaxy,Spiral galaxy,G,Pavo,313.02321,-69.20164,7.16,1.33,11.34,22.90,leda,,,1,,IC5052
ic5068,IC 5068,IC 5068,,lbn328,,emission-nebula,HII region,HII,Cygnus,312.62400,42.47769,40.00,30.00,,22.50,typical,,,1,,IC5068
ic5070,IC 5070,IC 5070,Pelican Nebula,lbn350,,emission-nebula,HII region,HII,Cygnus,312.75300,44.40150,60.00,50.00,,22.50,typical,,,1,,IC5070
ic5076,IC 5076,IC 5076,,lbn394,,reflection-nebula,Reflection nebula,RfN,Cygnus,313.88925,47.39556,7.00,7.00,,22.50,typical,,,1,,IC5076
ic5105,IC 5105,IC 5105,,eso342-39|pgc66694,,galaxy,Elliptical galaxy,G,Microscopium,321.09171,-40.53772,2.98,1.64,11.60,22.80,leda,,,1,,IC5105
ic5134,IC 5134,IC 5134,,,,emission-nebula,Nebula,Neb,Cepheus,325.74450,66.10283,7.59,,,22.50,typical,,,1,,IC5134
ic5146,IC 5146 · C 19 · Sh2-125,IC 5146,Cocoon Nebula,c19|lbn424|mwsc3571|sh2-125,,cluster-nebula,Cluster with nebula,Cl+N,Cygnus,328.36983,47.26692,10.00,10.00,,22.50,typical,,19,1,,IC5146
ic5148,IC 5148 · IC 5150,IC 5148,,ic5150|eso344-5,,planetary-nebula,Planetary nebula,PN,Grus,329.89667,-39.38583,2.30,,11.00,21.44,derived,,,1,,IC5148
ic5152,IC 5152,IC 5152,,eso237-27|pgc67908,,galaxy,Irregular galaxy,G,Indus,330.67296,-51.29644,5.13,3.60,9.95,21.93,leda,,,1,,IC5152
ic5181,IC 5181,IC 5181,,eso289-1|pgc68317,,galaxy,Lenticular galaxy,G,Grus,333.34042,-46.01761,2.65,0.86,11.48,22.26,leda,,,1,,IC5181
ic5186,IC 5186,IC 5186,,eso405-7|pgc68548,,galaxy,Spiral galaxy,G,Grus,334.69383,-36.80158,2.11,1.44,11.93,22.02,leda,,,1,,IC5186
ic5201,IC 5201,IC 5201,,eso289-18|pgc68618,,galaxy,Spiral galaxy,G,Grus,335.23933,-46.03586,6.70,2.86,10.81,22.96,leda,,,1,,IC5201
ic5240,IC 5240,IC 5240,,eso290-2|pgc69521,,galaxy,Spiral galaxy,G,Grus,340.46825,-44.76717,3.20,2.22,11.66,22.75,leda,,,1,,IC5240
ic5267,IC 5267,IC 5267,,eso290-29|pgc70094,,galaxy,Lenticular galaxy,G,Grus,344.30654,-43.39614,5.58,4.06,10.43,22.88,leda,,,1,,IC5267
ic5271,IC 5271,IC 5271,,eso406-34|pgc70128,,galaxy,Spiral galaxy,G,Piscis Austrinus,344.50758,-33.74222,3.00,1.16,11.54,22.00,leda,,,1,,IC5271
ic5273,IC 5273,IC 5273,,eso346-22|pgc70184,,galaxy,Spiral galaxy,G,Grus,344.86125,-37.70289,3.07,1.98,11.45,22.25,leda,,,1,,IC5273
ic5325,IC 5325,IC 5325,,eso347-18|pgc71548,,galaxy,Spiral galaxy,G,Phoenix,352.18096,-41.33347,2.88,2.62,11.28,22.24,leda,,,1,,IC5325
ic5328,IC 5328,IC 5328,,eso291-29|pgc71730,,galaxy,Elliptical galaxy,G,Phoenix,353.31858,-45.01597,2.99,1.75,11.37,22.59,leda,,,1,,IC5328
ic5332,IC 5332,IC 5332,,eso408-9|pgc71775,,galaxy,Spiral galaxy,G,Sculptor,353.61454,-36.10108,6.07,5.77,10.70,23.35,leda,,,1,,IC5332
sh2-1,Sh2-1,Sh2-1,,,,emission-nebula,HII region,HII,Scorpius,239.71338,-26.12046,150.00,150.00,,22.50,sharpless,,,1,,Sh2-1
sh2-2,Sh2-2,Sh2-2,,,,emission-nebula,HII region,HII,Scorpius,256.02758,-38.14246,60.00,60.00,,23.00,sharpless,,,1,,Sh2-2
sh2-3,Sh2-3,Sh2-3,,,,emission-nebula,HII region,HII,Scorpius,258.43761,-38.50308,12.00,12.00,,22.50,sharpless,,,1,,Sh2-3
sh2-4,Sh2-4,Sh2-4,,,,emission-nebula,HII region,HII,Scorpius,259.95323,-39.33873,5.00,5.00,,22.50,sharpless,,,1,,Sh2-4
sh2-5,Sh2-5,Sh2-5,,,,emission-nebula,HII region,HII,Scorpius,260.01443,-38.45475,100.00,100.00,,23.00,sharpless,,,1,,Sh2-5
sh2-7,Sh2-7,Sh2-7,,,,emission-nebula,HII region,HII,Scorpius,240.08237,-22.95058,240.00,240.00,,24.00,sharpless,,,1,,Sh2-7
sh2-9,Sh2-9,Sh2-9,,,,emission-nebula,HII region,HII,Scorpius,245.29540,-25.58939,80.00,80.00,,23.00,sharpless,,,1,,Sh2-9
sh2-10,Sh2-10,Sh2-10,,,,emission-nebula,HII region,HII,Scorpius,259.75004,-34.09030,60.00,60.00,,23.00,sharpless,,,1,,Sh2-10
sh2-12,Sh2-12,Sh2-12,,,,emission-nebula,HII region,HII,Scorpius,263.98406,-32.59958,120.00,120.00,,23.00,sharpless,,,1,,Sh2-12
sh2-13,Sh2-13,Sh2-13,,,,emission-nebula,HII region,HII,Scorpius,262.61899,-31.56266,40.00,40.00,,23.00,sharpless,,,1,,Sh2-13
sh2-15,Sh2-15,Sh2-15,,,,emission-nebula,HII region,HII,Scorpius,267.64330,-31.26409,30.00,30.00,,23.00,sharpless,,,1,,Sh2-15
sh2-16,Sh2-16,Sh2-16,,,,emission-nebula,HII region,HII,Sagittarius,266.96754,-29.30385,20.00,20.00,,23.00,sharpless,,,1,,Sh2-16
sh2-17,Sh2-17,Sh2-17,,,,emission-nebula,HII region,HII,Sagittarius,266.53669,-28.85800,25.00,25.00,,23.00,sharpless,,,1,,Sh2-17
sh2-19,Sh2-19,Sh2-19,,,,emission-nebula,HII region,HII,Sagittarius,267.34031,-29.11689,12.00,12.00,,23.00,sharpless,,,1,,Sh2-19
sh2-20,Sh2-20,Sh2-20,,,,emission-nebula,HII region,HII,Sagittarius,267.30961,-28.66716,10.00,10.00,,23.00,sharpless,,,1,,Sh2-20
sh2-21,Sh2-21,Sh2-21,,,,emission-nebula,HII region,HII,Sagittarius,267.91270,-28.89466,5.00,5.00,,23.00,sharpless,,,1,,Sh2-21
sh2-22,Sh2-22,Sh2-22,,,,emission-nebula,HII region,HII,Sagittarius,268.76576,-25.03615,60.00,60.00,,23.00,sharpless,,,1,,Sh2-22
sh2-23,Sh2-23,Sh2-23,,,,emission-nebula,HII region,HII,Scorpius,243.35263,-8.37222,50.00,50.00,,24.00,sharpless,,,1,,Sh2-23
sh2-24,Sh2-24,Sh2-24,,,,emission-nebula,HII region,HII,Ophiuchus,242.76591,-7.07722,30.00,30.00,,23.00,sharpless,,,1,,Sh2-24
sh2-26,Sh2-26,Sh2-26,,,,emission-nebula,HII region,HII,Sagittarius,269.74597,-23.32653,20.00,20.00,,24.00,sharpless,,,1,,Sh2-26
sh2-27,Sh2-27,Sh2-27,,,,emission-nebula,HII region,HII,Ophiuchus,249.30175,-10.56969,480.00,480.00,,23.00,sharpless,,,1,,Sh2-27
sh2-28,Sh2-28,Sh2-28,,,,emission-nebula,HII region,HII,Sagittarius,270.67404,-23.58419,40.00,40.00,,24.00,sharpless,,,1,,Sh2-28
sh2-30,Sh2-30,Sh2-30,,,,emission-nebula,HII region,HII,Sagittarius,270.89250,-23.01537,20.00,20.00,,22.50,sharpless,,,1,,Sh2-30
sh2-31,Sh2-31,Sh2-31,,,,emission-nebula,HII region,HII,Sagittarius,272.82646,-23.79662,8.00,8.00,,23.00,sharpless,,,1,,Sh2-31
sh2-32,Sh2-32,Sh2-32,,,,emission-nebula,HII region,HII,Sagittarius,272.72474,-23.64760,8.00,8.00,,23.00,sharpless,,,1,,Sh2-32
sh2-33,Sh2-33,Sh2-33,,,,emission-nebula,HII region,HII,Serpens,239.96829,-1.61739,35.00,35.00,,24.00,sharpless,,,1,,Sh2-33
sh2-34,Sh2-34,Sh2-34,,,,emission-nebula,HII region,HII,Sagittarius,271.60210,-21.65840,90.00,90.00,,23.00,sharpless,,,1,,Sh2-34
sh2-35,Sh2-35,Sh2-35,,,,emission-nebula,HII region,HII,Sagittarius,273.96125,-20.25208,20.00,20.00,,23.00,sharpless,,,1,,Sh2-35
sh2-36,Sh2-36,Sh2-36,,,,emission-nebula,HII region,HII,Serpens,241.37646,0.39454,45.00,45.00,,24.00,sharpless,,,1,,Sh2-36
sh2-40,Sh2-40,Sh2-40,,,,emission-nebula,HII region,HII,Sagittarius,273.00912,-17.74452,15.00,15.00,,23.00,sharpless,,,1,,Sh2-40
sh2-41,Sh2-41,Sh2-41,,,,emission-nebula,HII region,HII,Sagittarius,273.96429,-18.23528,90.00,90.00,,23.00,sharpless,,,1,,Sh2-41
sh2-43,Sh2-43,Sh2-43,,,,emission-nebula,HII region,HII,Sagittarius,274.10534,-17.40053,15.00,15.00,,23.00,sharpless,,,1,,Sh2-43
sh2-46,Sh2-46,Sh2-46,,,,emission-nebula,HII region,HII,Serpens,271.54646,-14.15855,25.00,25.00,,23.00,sharpless,,,1,,Sh2-46
sh2-47,Sh2-47,Sh2-47,,,,emission-nebula,HII region,HII,Serpens,274.43644,-15.61389,5.00,5.00,,23.00,sharpless,,,1,,Sh2-47
sh2-48,Sh2-48,Sh2-48,,,,emission-nebula,HII region,HII,Scutum,275.60058,-14.58589,10.00,10.00,,23.00,sharpless,,,1,,Sh2-48
sh2-50,Sh2-50,Sh2-50,,,,emission-nebula,HII region,HII,Scutum,276.37674,-14.71172,35.00,35.00,,23.00,sharpless,,,1,,Sh2-50
sh2-51,Sh2-51,Sh2-51,,,,emission-nebula,HII region,HII,Sagittarius,280.19474,-16.55837,35.00,35.00,,24.00,sharpless,,,1,,Sh2-51
sh2-53,Sh2-53,Sh2-53,,,,emission-nebula,HII region,HII,Scutum,276.31152,-13.22895,15.00,15.00,,23.00,sharpless,,,1,,Sh2-53
sh2-54,Sh2-54,Sh2-54,,,,emission-nebula,HII region,HII,Serpens,274.47152,-11.73003,140.00,140.00,,22.50,sharpless,,,1,,Sh2-54
sh2-55,Sh2-55,Sh2-55,,,,emission-nebula,HII region,HII,Scutum,278.04632,-11.76212,5.00,5.00,,24.00,sharpless,,,1,,Sh2-55
sh2-56,Sh2-56,Sh2-56,,,,emission-nebula,HII region,HII,Scutum,277.77591,-9.71463,7.00,7.00,,24.00,sharpless,,,1,,Sh2-56
sh2-58,Sh2-58,Sh2-58,,,,emission-nebula,HII region,HII,Scutum,277.86352,-8.46373,8.00,8.00,,23.00,sharpless,,,1,,Sh2-58
sh2-59,Sh2-59,Sh2-59,,,,emission-nebula,HII region,HII,Scutum,279.25485,-7.60029,20.00,20.00,,24.00,sharpless,,,1,,Sh2-59
sh2-60,Sh2-60,Sh2-60,,,,emission-nebula,HII region,HII,Scutum,279.17108,-6.70106,20.00,20.00,,23.00,sharpless,,,1,,Sh2-60
sh2-63,Sh2-63,Sh2-63,,,,emission-nebula,HII region,HII,Sagittarius,299.42997,-14.11573,55.00,55.00,,24.00,sharpless,,,1,,Sh2-63
sh2-64,Sh2-64,Sh2-64,,,,emission-nebula,HII region,HII,Serpens,277.89977,-1.91307,25.00,25.00,,23.00,sharpless,,,1,,Sh2-64
sh2-65,Sh2-65,Sh2-65,,,,emission-nebula,HII region,HII,Aquila,281.74224,-3.74297,7.00,7.00,,23.00,sharpless,,,1,,Sh2-65
sh2-66,Sh2-66,Sh2-66,,,,emission-nebula,HII region,HII,Aquila,281.37555,-1.99639,8.00,8.00,,23.00,sharpless,,,1,,Sh2-66
sh2-67,Sh2-67,Sh2-67,,,,emission-nebula,HII region,HII,Aquila,282.35393,-2.35374,10.00,10.00,,24.00,sharpless,,,1,,Sh2-67
sh2-68,Sh2-68,Sh2-68,,,,planetary-nebula,Planetary nebula,PN,Serpens,276.29798,0.85493,8.00,8.00,,23.00,sharpless,,,1,,Sh2-68
sh2-69,Sh2-69,Sh2-69,,,,emission-nebula,HII region,HII,Aquila,281.10916,-0.28218,20.00,20.00,,23.00,sharpless,,,1,,Sh2-69
sh2-70,Sh2-70,Sh2-70,,,,emission-nebula,HII region,HII,Ophiuchus,273.66225,7.06302,5.00,5.00,,23.00,sharpless,,,1,,Sh2-70
sh2-72,Sh2-72,Sh2-72,,,,emission-nebula,HII region,HII,Aquila,285.95998,2.31386,25.00,25.00,,23.00,sharpless,,,1,,Sh2-72
sh2-73,Sh2-73,Sh2-73,,,,emission-nebula,HII region,HII,Hercules,242.78188,21.87405,75.00,75.00,,24.00,sharpless,,,1,,Sh2-73
sh2-75,Sh2-75,Sh2-75,,,,emission-nebula,HII region,HII,Aquila,284.81422,7.11998,10.00,10.00,,24.00,sharpless,,,1,,Sh2-75
sh2-76,Sh2-76,Sh2-76,,,,emission-nebula,HII region,HII,Aquila,284.10733,7.81334,7.00,7.00,,24.00,sharpless,,,1,,Sh2-76
sh2-77,Sh2-77,Sh2-77,,,,emission-nebula,HII region,HII,Aquila,297.07207,1.14787,8.00,8.00,,24.00,sharpless,,,1,,Sh2-77
sh2-78,Sh2-78,Sh2-78,,,,planetary-nebula,Planetary nebula,PN,Aquila,285.79648,14.12953,12.00,12.00,,24.00,sharpless,,,1,,Sh2-78
sh2-79,Sh2-79,Sh2-79,,,,emission-nebula,HII region,HII,Aquila,290.82692,13.97604,40.00,40.00,,24.00,sharpless,,,1,,Sh2-79
sh2-81,Sh2-81,Sh2-81,,,,emission-nebula,HII region,HII,Aquila,300.30625,11.79264,10.00,10.00,,24.00,sharpless,,,1,,Sh2-81
sh2-82,Sh2-82,Sh2-82,,,,emission-nebula,HII region,HII,Sagitta,292.58659,18.27550,9.00,9.00,,23.00,sharpless,,,1,,Sh2-82
sh2-84,Sh2-84,Sh2-84,,,,emission-nebula,HII region,HII,Sagitta,297.26675,18.40022,15.00,15.00,,22.50,sharpless,,,1,,Sh2-84
sh2-85,Sh2-85,Sh2-85,,,,emission-nebula,HII region,HII,Lyra,285.82191,25.83035,6.00,6.00,,23.00,sharpless,,,1,,Sh2-85
sh2-86,Sh2-86,Sh2-86,,,,emission-nebula,HII region,HII,Vulpecula,295.79051,23.28755,40.00,40.00,,23.00,sharpless,,,1,,Sh2-86
sh2-87,Sh2-87,Sh2-87,,,,emission-nebula,HII region,HII,Vulpecula,296.60303,24.62806,10.00,10.00,,24.00,sharpless,,,1,,Sh2-87
sh2-88,Sh2-88,Sh2-88,,,,emission-nebula,HII region,HII,Vulpecula,296.49523,25.34382,25.00,25.00,,23.00,sharpless,,,1,,Sh2-88
sh2-89,Sh2-89,Sh2-89,,,,emission-nebula,HII region,HII,Vulpecula,297.51016,26.48602,5.00,5.00,,24.00,sharpless,,,1,,Sh2-89
sh2-90,Sh2-90,Sh2-90,,,,emission-nebula,HII region,HII,Vulpecula,297.30558,26.86760,6.00,6.00,,23.00,sharpless,,,1,,Sh2-90
sh2-91,Sh2-91,Sh2-91,,,,emission-nebula,HII region,HII,Cygnus,293.89198,29.60440,120.00,120.00,,23.00,sharpless,,,1,,Sh2-91
sh2-92,Sh2-92,Sh2-92,,,,emission-nebula,HII region,HII,Vulpecula,296.66391,28.24542,50.00,50.00,,24.00,sharpless,,,1,,Sh2-92
sh2-94,Sh2-94,Sh2-94,,,,emission-nebula,HII region,HII,Cygnus,291.96516,31.47055,25.00,25.00,,24.00,sharpless,,,1,,Sh2-94
sh2-96,Sh2-96,Sh2-96,,,,emission-nebula,HII region,HII,Cygnus,292.17535,32.68918,25.00,25.00,,24.00,sharpless,,,1,,Sh2-96
sh2-97,Sh2-97,Sh2-97,,,,emission-nebula,HII region,HII,Cygnus,299.02206,30.26585,10.00,10.00,,24.00,sharpless,,,1,,Sh2-97
sh2-98,Sh2-98,Sh2-98,,,,emission-nebula,HII region,HII,Cygnus,299.68565,31.42154,15.00,15.00,,24.00,sharpless,,,1,,Sh2-98
sh2-99,Sh2-99,Sh2-99,,,,emission-nebula,HII region,HII,Cygnus,300.21276,33.49276,5.00,5.00,,22.50,sharpless,,,1,,Sh2-99
sh2-101,Sh2-101,Sh2-101,Tulip Nebula,,,emission-nebula,HII region,HII,Cygnus,299.98983,35.29098,16.00,9.00,,23.00,sharpless,,,1,,Sh2-101
sh2-102,Sh2-102,Sh2-102,,,,emission-nebula,HII region,HII,Cygnus,307.94625,30.60508,40.00,40.00,,24.00,sharpless,,,1,,Sh2-102
sh2-103,Sh2-103,Sh2-103,Cygnus Loop,lbn191,Veil Nebula,supernova-remnant,Supernova remnant,SNR,Cygnus,312.75000,30.66667,230.00,160.00,,23.00,typical,,,1,,Sh2-103
sh2-104,Sh2-104,Sh2-104,,,,emission-nebula,HII region,HII,Cygnus,304.43823,36.74439,7.00,7.00,,23.00,sharpless,,,1,,Sh2-104
sh2-107,Sh2-107,Sh2-107,,,,emission-nebula,HII region,HII,Cygnus,310.69523,36.34274,5.00,5.00,,23.00,sharpless,,,1,,Sh2-107
sh2-108,Sh2-108,Sh2-108,Sadr Region|Gamma Cygni Nebula,,,emission-nebula,HII region,HII,Cygnus,305.64799,40.25423,180.00,180.00,,22.50,sharpless,,,1,,Sh2-108
sh2-109,Sh2-109,Sh2-109,,,,emission-nebula,HII region,HII,Cygnus,308.41040,40.34240,1080.00,1080.00,,23.00,sharpless,,,1,,Sh2-109
sh2-110,Sh2-110,Sh2-110,,,,emission-nebula,HII region,HII,Cygnus,320.20370,32.45777,50.00,50.00,,24.00,sharpless,,,1,,Sh2-110
sh2-111,Sh2-111,Sh2-111,,,,emission-nebula,HII region,HII,Cygnus,325.47216,30.10560,90.00,90.00,,24.00,sharpless,,,1,,Sh2-111
sh2-112,Sh2-112,Sh2-112,,,,emission-nebula,HII region,HII,Cygnus,308.46001,45.65973,15.00,15.00,,23.00,sharpless,,,1,,Sh2-112
sh2-113,Sh2-113,Sh2-113,,,,emission-nebula,HII region,HII,Cygnus,320.20087,38.09125,15.00,15.00,,24.00,sharpless,,,1,,Sh2-113
sh2-114,Sh2-114,Sh2-114,,,,emission-nebula,HII region,HII,Cygnus,320.29517,38.70852,9.00,9.00,,23.00,sharpless,,,1,,Sh2-114
sh2-115,Sh2-115,Sh2-115,,,,emission-nebula,HII region,HII,Cygnus,308.64185,46.87786,50.00,50.00,,23.00,sharpless,,,1,,Sh2-115
sh2-118,Sh2-118,Sh2-118,,,,emission-nebula,HII region,HII,Cygnus,324.25484,40.21563,480.00,480.00,,24.00,sharpless,,,1,,Sh2-118
sh2-119,Sh2-119,Sh2-119,Clamshell Nebula,,,emission-nebula,HII region,HII,Cygnus,319.60760,43.93771,160.00,160.00,,22.50,sharpless,,,1,,Sh2-119
sh2-122,Sh2-122,Sh2-122,,,,emission-nebula,HII region,HII,Pegasus,347.19713,14.92484,40.00,40.00,,24.00,sharpless,,,1,,Sh2-122
sh2-123,Sh2-123,Sh2-123,,,,emission-nebula,HII region,HII,Cygnus,325.59508,44.53996,13.00,13.00,,23.00,sharpless,,,1,,Sh2-123
sh2-124,Sh2-124,Sh2-124,,,,emission-nebula,HII region,HII,Cygnus,324.59063,50.35120,70.00,70.00,,23.00,sharpless,,,1,,Sh2-124
sh2-126,Sh2-126,Sh2-126,,,,emission-nebula,HII region,HII,Lacerta,338.36473,38.58212,160.00,160.00,,23.00,sharpless,,,1,,Sh2-126
sh2-129,Sh2-129,Sh2-129,Flying Bat Nebula,,,emission-nebula,HII region,HII,Cepheus,317.93739,59.96121,140.00,140.00,,23.00,sharpless,,,1,,Sh2-129
sh2-132,Sh2-132,Sh2-132,Lion Nebula,,,emission-nebula,HII region,HII,Cepheus,334.69878,56.13468,90.00,90.00,,23.00,sharpless,,,1,,Sh2-132
sh2-133,Sh2-133,Sh2-133,,,,emission-nebula,HII region,HII,Cepheus,322.25000,64.30511,80.00,80.00,,24.00,sharpless,,,1,,Sh2-133
sh2-134,Sh2-134,Sh2-134,,,,emission-nebula,HII region,HII,Cepheus,332.87465,59.41022,160.00,160.00,,23.00,sharpless,,,1,,Sh2-134
sh2-135,Sh2-135,Sh2-135,,,,emission-nebula,HII region,HII,Cepheus,335.54867,58.73826,15.00,15.00,,23.00,sharpless,,,1,,Sh2-135
sh2-136,Sh2-136,Sh2-136,Ghost Nebula,,,emission-nebula,HII region,HII,Cepheus,319.12392,68.25307,5.00,5.00,,22.50,sharpless,,,1,,Sh2-136
sh2-137,Sh2-137,Sh2-137,,,,emission-nebula,HII region,HII,Cepheus,329.28002,64.69353,90.00,90.00,,24.00,sharpless,,,1,,Sh2-137
sh2-139,Sh2-139,Sh2-139,,,,emission-nebula,HII region,HII,Cepheus,338.75173,58.21714,10.00,10.00,,24.00,sharpless,,,1,,Sh2-139
sh2-140,Sh2-140,Sh2-140,,,,emission-nebula,HII region,HII,Cepheus,334.78282,63.28527,30.00,30.00,,22.50,sharpless,,,1,,Sh2-140
sh2-141,Sh2-141,Sh2-141,,,,emission-nebula,HII region,HII,Cepheus,337.12709,61.64456,5.00,5.00,,23.00,sharpless,,,1,,Sh2-141
sh2-145,Sh2-145,Sh2-145,,,,emission-nebula,HII region,HII,Cepheus,336.39029,64.30848,90.00,90.00,,24.00,sharpless,,,1,,Sh2-145
sh2-150,Sh2-150,Sh2-150,,,,emission-nebula,HII region,HII,Cepheus,337.79992,65.11388,40.00,40.00,,23.00,sharpless,,,1,,Sh2-150
sh2-151,Sh2-151,Sh2-151,,,,emission-nebula,HII region,HII,Cassiopeia,345.76407,57.07161,20.00,20.00,,24.00,sharpless,,,1,,Sh2-151
sh2-153,Sh2-153,Sh2-153,,,,emission-nebula,HII region,HII,Cassiopeia,344.81032,58.73588,5.00,5.00,,23.00,sharpless,,,1,,Sh2-153
sh2-154,Sh2-154,Sh2-154,,,,emission-nebula,HII region,HII,Cepheus,342.85274,61.18050,60.00,60.00,,23.00,sharpless,,,1,,Sh2-154
sh2-155,Sh2-155 · C 9,Sh2-155,Cave Nebula,c9|lbn529,,emission-nebula,HII region,HII,Cepheus,344.47500,62.51833,50.00,30.00,,22.50,typical,,9,1,,C009
sh2-157,Sh2-157,Sh2-157,Lobster Claw Nebula,,,emission-nebula,HII region,HII,Cassiopeia,349.01496,60.04543,90.00,90.00,,22.50,sharpless,,,1,,Sh2-157
sh2-159,Sh2-159,Sh2-159,,,,emission-nebula,HII region,HII,Cassiopeia,348.92988,61.14528,7.00,7.00,,23.00,sharpless,,,1,,Sh2-159
sh2-160,Sh2-160,Sh2-160,,,,emission-nebula,HII region,HII,Cepheus,346.44882,64.67334,80.00,80.00,,24.00,sharpless,,,1,,Sh2-160
sh2-161,Sh2-161,Sh2-161,,,,emission-nebula,HII region,HII,Cassiopeia,348.87289,61.86184,55.00,55.00,,23.00,sharpless,,,1,,Sh2-161
sh2-163,Sh2-163,Sh2-163,,,,emission-nebula,HII region,HII,Cassiopeia,353.33177,60.78555,10.00,10.00,,23.00,sharpless,,,1,,Sh2-163
sh2-165,Sh2-165,Sh2-165,,,,emission-nebula,HII region,HII,Cassiopeia,354.95458,61.93731,10.00,10.00,,23.00,sharpless,,,1,,Sh2-165
sh2-166,Sh2-166,Sh2-166,,,,emission-nebula,HII region,HII,Cassiopeia,355.54357,60.97117,10.00,10.00,,24.00,sharpless,,,1,,Sh2-166
sh2-168,Sh2-168,Sh2-168,,,,emission-nebula,HII region,HII,Cassiopeia,358.26600,60.47286,7.00,7.00,,23.00,sharpless,,,1,,Sh2-168
sh2-169,Sh2-169,Sh2-169,,,,emission-nebula,HII region,HII,Cassiopeia,358.49499,60.37295,5.00,5.00,,24.00,sharpless,,,1,,Sh2-169
sh2-170,Sh2-170,Sh2-170,,,,emission-nebula,HII region,HII,Cassiopeia,0.42664,64.62332,20.00,20.00,,23.00,sharpless,,,1,,Sh2-170
sh2-173,Sh2-173,Sh2-173,,,,emission-nebula,HII region,HII,Cassiopeia,5.46627,61.73806,30.00,30.00,,23.00,sharpless,,,1,,Sh2-173
sh2-174,Sh2-174,Sh2-174,,,,planetary-nebula,Planetary nebula,PN,Cepheus,356.70535,80.93874,10.00,10.00,,24.00,sharpless,,,1,,Sh2-174
sh2-176,Sh2-176,Sh2-176,,,,planetary-nebula,Planetary nebula,PN,Cassiopeia,7.91367,57.28558,10.00,10.00,,24.00,sharpless,,,1,,Sh2-176
sh2-177,Sh2-177,Sh2-177,,,,emission-nebula,HII region,HII,Cassiopeia,7.88786,62.46896,40.00,40.00,,24.00,sharpless,,,1,,Sh2-177
sh2-178,Sh2-178,Sh2-178,,,,emission-nebula,HII region,HII,Ursa Minor,334.73572,87.76149,420.00,420.00,,24.00,sharpless,,,1,,Sh2-178
sh2-180,Sh2-180,Sh2-180,,,,emission-nebula,HII region,HII,Cassiopeia,12.19456,62.92892,15.00,15.00,,24.00,sharpless,,,1,,Sh2-180
sh2-181,Sh2-181,Sh2-181,,,,emission-nebula,HII region,HII,Cassiopeia,12.31948,65.21203,15.00,15.00,,24.00,sharpless,,,1,,Sh2-181
sh2-183,Sh2-183,Sh2-183,,,,emission-nebula,HII region,HII,Cassiopeia,13.49920,65.70965,35.00,35.00,,24.00,sharpless,,,1,,Sh2-183
sh2-185,Sh2-185,Sh2-185,,,,emission-nebula,HII region,HII,Cassiopeia,15.00007,60.98956,120.00,120.00,,23.00,sharpless,,,1,,Sh2-185
sh2-187,Sh2-187,Sh2-187,,,,emission-nebula,HII region,HII,Cassiopeia,20.78238,61.85653,10.00,10.00,,23.00,sharpless,,,1,,Sh2-187
sh2-188,Sh2-188,Sh2-188,,,,planetary-nebula,Planetary nebula,PN,Cassiopeia,22.66395,58.36665,9.00,9.00,,23.00,sharpless,,,1,,Sh2-188
sh2-197,Sh2-197,Sh2-197,,,,emission-nebula,HII region,HII,Cassiopeia,40.48087,59.64595,5.00,5.00,,24.00,sharpless,,,1,,Sh2-197
sh2-198,Sh2-198,Sh2-198,,,,emission-nebula,HII region,HII,Cassiopeia,42.50753,59.69990,9.00,9.00,,23.00,sharpless,,,1,,Sh2-198
sh2-200,Sh2-200,Sh2-200,,,,planetary-nebula,Planetary nebula,PN,Cassiopeia,47.68770,62.81541,6.00,6.00,,24.00,sharpless,,,1,,Sh2-200
sh2-201,Sh2-201,Sh2-201,,,,emission-nebula,HII region,HII,Cassiopeia,45.79313,60.47826,5.00,5.00,,22.50,sharpless,,,1,,Sh2-201
sh2-202,Sh2-202,Sh2-202,,,,emission-nebula,HII region,HII,Camelopardalis,49.71465,59.63392,170.00,170.00,,24.00,sharpless,,,1,,Sh2-202
sh2-203,Sh2-203,Sh2-203,,,,emission-nebula,HII region,HII,Perseus,50.50422,54.87771,45.00,45.00,,24.00,sharpless,,,1,,Sh2-203
sh2-204,Sh2-204,Sh2-204,,,,emission-nebula,HII region,HII,Camelopardalis,58.94013,57.42887,40.00,40.00,,23.00,sharpless,,,1,,Sh2-204
sh2-205,Sh2-205,Sh2-205,,,,emission-nebula,HII region,HII,Camelopardalis,59.03395,53.19433,120.00,120.00,,23.00,sharpless,,,1,,Sh2-205
sh2-206,Sh2-206,Sh2-206,,,,emission-nebula,HII region,HII,Perseus,60.80442,51.32947,50.00,50.00,,22.50,sharpless,,,1,,Sh2-206
sh2-209,Sh2-209,Sh2-209,,,,emission-nebula,HII region,HII,Perseus,62.76248,51.16289,14.00,14.00,,23.00,sharpless,,,1,,Sh2-209
sh2-210,Sh2-210,Sh2-210,,,,emission-nebula,HII region,HII,Perseus,67.74615,52.55287,20.00,20.00,,23.00,sharpless,,,1,,Sh2-210
sh2-212,Sh2-212,Sh2-212,,,,emission-nebula,HII region,HII,Perseus,70.15728,50.38097,5.00,5.00,,22.50,sharpless,,,1,,Sh2-212
sh2-216,Sh2-216,Sh2-216,,,,planetary-nebula,Planetary nebula,PN,Perseus,71.23759,46.82081,80.00,80.00,,23.00,sharpless,,,1,,Sh2-216
sh2-217,Sh2-217,Sh2-217,,,,emission-nebula,HII region,HII,Auriga,74.69792,48.00566,9.00,9.00,,23.00,sharpless,,,1,,Sh2-217
sh2-218,Sh2-218,Sh2-218,,,,emission-nebula,HII region,HII,Auriga,85.31897,52.18840,70.00,70.00,,24.00,sharpless,,,1,,Sh2-218
sh2-221,Sh2-221,Sh2-221,,,,emission-nebula,HII region,HII,Auriga,75.41666,46.34880,120.00,120.00,,24.00,sharpless,,,1,,Sh2-221
sh2-223,Sh2-223,Sh2-223,,,,emission-nebula,HII region,HII,Auriga,79.29954,42.21182,70.00,70.00,,23.00,sharpless,,,1,,Sh2-223
sh2-224,Sh2-224,Sh2-224,,,,emission-nebula,HII region,HII,Auriga,81.81713,42.97117,30.00,30.00,,23.00,sharpless,,,1,,Sh2-224
sh2-225,Sh2-225,Sh2-225,,,,emission-nebula,HII region,HII,Auriga,81.75155,40.62161,10.00,10.00,,23.00,sharpless,,,1,,Sh2-225
sh2-227,Sh2-227,Sh2-227,,,,emission-nebula,HII region,HII,Auriga,79.97196,38.95516,20.00,20.00,,23.00,sharpless,,,1,,Sh2-227
sh2-228,Sh2-228,Sh2-228,,,,emission-nebula,HII region,HII,Auriga,78.39633,37.45336,8.00,8.00,,22.50,sharpless,,,1,,Sh2-228
sh2-230,Sh2-230,Sh2-230,,,,emission-nebula,HII region,HII,Auriga,80.62653,34.13191,300.00,300.00,,23.00,sharpless,,,1,,Sh2-230
sh2-231,Sh2-231,Sh2-231,,,,emission-nebula,HII region,HII,Auriga,84.83152,35.92494,12.00,12.00,,23.00,sharpless,,,1,,Sh2-231
sh2-232,Sh2-232,Sh2-232,,,,emission-nebula,HII region,HII,Auriga,85.61119,36.20076,40.00,40.00,,23.00,sharpless,,,1,,Sh2-232
sh2-235,Sh2-235,Sh2-235,,,,emission-nebula,HII region,HII,Auriga,85.25581,35.85417,10.00,10.00,,22.50,sharpless,,,1,,Sh2-235
sh2-239,Sh2-239,Sh2-239,,,,emission-nebula,HII region,HII,Taurus,67.82253,18.11665,5.00,5.00,,23.00,sharpless,,,1,,Sh2-239
sh2-240,Sh2-240,Sh2-240,Spaghetti Nebula|Simeis 147,,,supernova-remnant,Supernova remnant,SNR,Taurus,85.25138,28.10371,180.00,180.00,,23.00,sharpless,,,1,,Sh2-240
sh2-241,Sh2-241,Sh2-241,,,,emission-nebula,HII region,HII,Auriga,91.03045,30.24779,10.00,10.00,,22.50,sharpless,,,1,,Sh2-241
sh2-242,Sh2-242,Sh2-242,,,,emission-nebula,HII region,HII,Taurus,87.96408,27.01070,7.00,7.00,,23.00,sharpless,,,1,,Sh2-242
sh2-243,Sh2-243,Sh2-243,,,,emission-nebula,HII region,HII,Taurus,84.84385,23.29071,6.00,6.00,,24.00,sharpless,,,1,,Sh2-243
sh2-244,Sh2-244,Sh2-244,,,,emission-nebula,HII region,HII,Taurus,83.62807,21.95237,5.00,5.00,,22.50,sharpless,,,1,,Sh2-244
sh2-245,Sh2-245,Sh2-245,,,,emission-nebula,HII region,HII,Taurus,60.63944,4.12853,720.00,720.00,,23.00,sharpless,,,1,,Sh2-245
sh2-246,Sh2-246,Sh2-246,,,,emission-nebula,HII region,HII,Orion,75.54000,14.09567,65.00,65.00,,24.00,sharpless,,,1,,Sh2-246
sh2-247,Sh2-247,Sh2-247,,,,emission-nebula,HII region,HII,Gemini,92.12646,21.61997,9.00,9.00,,23.00,sharpless,,,1,,Sh2-247
sh2-249,Sh2-249,Sh2-249,,,,emission-nebula,HII region,HII,Gemini,95.24266,23.08981,80.00,80.00,,23.00,sharpless,,,1,,Sh2-249
sh2-250,Sh2-250,Sh2-250,,,,emission-nebula,HII region,HII,Taurus,70.04723,7.36280,10.00,10.00,,24.00,sharpless,,,1,,Sh2-250
sh2-251,Sh2-251,Sh2-251,,,,emission-nebula,HII region,HII,Taurus,68.20768,5.86269,35.00,35.00,,24.00,sharpless,,,1,,Sh2-251
sh2-253,Sh2-253,Sh2-253,,,,emission-nebula,HII region,HII,Gemini,96.43304,20.02813,5.00,5.00,,24.00,sharpless,,,1,,Sh2-253
sh2-254,Sh2-254,Sh2-254,,,,emission-nebula,HII region,HII,Orion,93.08713,18.04378,11.00,11.00,,23.00,sharpless,,,1,,Sh2-254
sh2-260,Sh2-260,Sh2-260,,,,emission-nebula,HII region,HII,Orion,73.78286,5.66170,22.00,22.00,,24.00,sharpless,,,1,,Sh2-260
sh2-261,Sh2-261,Sh2-261,Lower's Nebula,,,emission-nebula,HII region,HII,Orion,92.23838,15.80191,45.00,45.00,,23.00,sharpless,,,1,,Sh2-261
sh2-262,Sh2-262,Sh2-262,,,,emission-nebula,HII region,HII,Orion,76.68854,6.16785,20.00,20.00,,24.00,sharpless,,,1,,Sh2-262
sh2-263,Sh2-263,Sh2-263,,,,emission-nebula,HII region,HII,Orion,80.43621,8.39902,22.00,22.00,,23.00,sharpless,,,1,,Sh2-263
sh2-264,Sh2-264,Sh2-264,,,,emission-nebula,HII region,HII,Orion,83.80226,9.93343,390.00,390.00,,23.00,sharpless,,,1,,Sh2-264
sh2-265,Sh2-265,Sh2-265,,,,emission-nebula,HII region,HII,Orion,79.65164,7.43980,70.00,70.00,,23.00,sharpless,,,1,,Sh2-265
sh2-268,Sh2-268,Sh2-268,,,,emission-nebula,HII region,HII,Orion,92.56275,13.33197,60.00,60.00,,24.00,sharpless,,,1,,Sh2-268
sh2-274,Sh2-274,Sh2-274,Medusa Nebula,,,planetary-nebula,Planetary nebula,PN,Gemini,112.27879,13.26194,8.00,8.00,,22.50,sharpless,,,1,,Sh2-274
sh2-276,Sh2-276,Sh2-276,Barnard's Loop,,,emission-nebula,HII region,HII,Orion,81.86725,-3.96526,1200.00,1200.00,,23.00,sharpless,,,1,,Sh2-276
sh2-278,Sh2-278,Sh2-278,,,,emission-nebula,HII region,HII,Orion,79.95104,-5.66365,50.00,50.00,,23.00,sharpless,,,1,,Sh2-278
sh2-280,Sh2-280,Sh2-280,,,,emission-nebula,HII region,HII,Monoceros,98.58062,2.53989,40.00,40.00,,23.00,sharpless,,,1,,Sh2-280
sh2-282,Sh2-282,Sh2-282,,,,emission-nebula,HII region,HII,Monoceros,99.49575,1.51438,35.00,35.00,,23.00,sharpless,,,1,,Sh2-282
sh2-284,Sh2-284,Sh2-284,,,,emission-nebula,HII region,HII,Monoceros,101.25849,0.23077,80.00,80.00,,23.00,sharpless,,,1,,Sh2-284
sh2-286,Sh2-286,Sh2-286,,,,emission-nebula,HII region,HII,Monoceros,103.63862,-4.50875,6.00,6.00,,24.00,sharpless,,,1,,Sh2-286
sh2-287,Sh2-287,Sh2-287,,,,emission-nebula,HII region,HII,Monoceros,104.88610,-4.80387,12.00,12.00,,23.00,sharpless,,,1,,Sh2-287
sh2-289,Sh2-289,Sh2-289,,,,emission-nebula,HII region,HII,Monoceros,101.48589,-7.33841,11.00,11.00,,24.00,sharpless,,,1,,Sh2-289
sh2-290,Sh2-290,Sh2-290,,,,planetary-nebula,Planetary nebula,PN,Cancer,133.54624,8.92122,17.00,17.00,,23.00,sharpless,,,1,,Sh2-290
sh2-291,Sh2-291,Sh2-291,,,,emission-nebula,HII region,HII,Monoceros,103.85498,-8.02762,8.00,8.00,,23.00,sharpless,,,1,,Sh2-291
sh2-293,Sh2-293,Sh2-293,,,,emission-nebula,HII region,HII,Canis Major,105.44887,-11.30946,11.00,11.00,,23.00,sharpless,,,1,,Sh2-293
sh2-294,Sh2-294,Sh2-294,,,,emission-nebula,HII region,HII,Monoceros,109.14384,-9.44375,7.00,7.00,,22.50,sharpless,,,1,,Sh2-294
sh2-295,Sh2-295,Sh2-295,,,,emission-nebula,HII region,HII,Canis Major,105.67251,-11.46156,8.00,8.00,,24.00,sharpless,,,1,,Sh2-295
sh2-296,Sh2-296,Sh2-296,,,,emission-nebula,HII region,HII,Canis Major,106.45031,-11.21883,200.00,200.00,,22.50,sharpless,,,1,,Sh2-296
sh2-297,Sh2-297,Sh2-297,,,,emission-nebula,HII region,HII,Canis Major,106.31435,-12.33428,7.00,7.00,,22.50,sharpless,,,1,,Sh2-297
sh2-301,Sh2-301,Sh2-301,,,,emission-nebula,HII region,HII,Canis Major,107.45361,-18.47852,9.00,9.00,,22.50,sharpless,,,1,,Sh2-301
sh2-302,Sh2-302,Sh2-302,,,,emission-nebula,HII region,HII,Puppis,112.92463,-16.97848,21.00,21.00,,23.00,sharpless,,,1,,Sh2-302
sh2-303,Sh2-303,Sh2-303,,,,emission-nebula,HII region,HII,Canis Major,103.50759,-22.42503,90.00,90.00,,23.00,sharpless,,,1,,Sh2-303
sh2-304,Sh2-304,Sh2-304,,,,emission-nebula,HII region,HII,Canis Major,100.86098,-24.13328,200.00,200.00,,23.00,sharpless,,,1,,Sh2-304
sh2-306,Sh2-306,Sh2-306,,,,emission-nebula,HII region,HII,Puppis,112.65313,-19.10947,30.00,30.00,,24.00,sharpless,,,1,,Sh2-306
sh2-307,Sh2-307,Sh2-307,,,,emission-nebula,HII region,HII,Puppis,113.88331,-18.75381,6.00,6.00,,22.50,sharpless,,,1,,Sh2-307
sh2-308,Sh2-308,Sh2-308,Dolphin Head Nebula,,,emission-nebula,HII region,HII,Canis Major,103.54065,-23.94209,35.00,35.00,,23.00,sharpless,,,1,,Sh2-308
sh2-309,Sh2-309,Sh2-309,,,,emission-nebula,HII region,HII,Puppis,113.02540,-19.42950,12.00,12.00,,23.00,sharpless,,,1,,Sh2-309
sh2-310,Sh2-310,Sh2-310,,,,emission-nebula,HII region,HII,Canis Major,108.26412,-24.58634,480.00,480.00,,23.00,sharpless,,,1,,Sh2-310
sh2-312,Sh2-312,Sh2-312,,,,emission-nebula,HII region,HII,Pyxis,134.79062,-25.68847,720.00,720.00,,23.00,sharpless,,,1,,Sh2-312
sh2-313,Sh2-313,Sh2-313,,,,emission-nebula,HII region,HII,Hydra,193.38187,-22.85978,12.00,12.00,,23.00,sharpless,,,1,,Sh2-313
c14,C 14,C14,Double Cluster|h and chi Persei,,,other,Pair of open clusters,*Ass,Perseus,35.17500,57.13750,50.00,50.00,,22.50,typical,,14,0,Caldwell 14 names two clusters; plan NGC 869 or NGC 884 (they share a one-degree field),C014
c99,C 99,C99,Coalsack Nebula,,,other,Dark nebula,DrkN,Crux,187.82917,-63.74333,,,,22.50,typical,,99,0,"a dark nebula: a deficit against the background, so there is no source brightness to expose for",C099
cr399,Cr 399,Cr 399,Brocchi's Cluster|Al Sufi's Cluster|Coathanger Asterism,,,other,Asterism,*Ass,Vulpecula,291.35000,20.18333,70.00,,3.60,21.45,derived,,,0,"an asterism of bright stars more than a degree across, not an extended object",Cl399
eso56-115,ESO 56-115,ESO56-115,Large Magellanic Cloud|Nubecula Major,pgc17223,,galaxy,Irregular galaxy,G,Dorado,80.89375,-69.75611,646.00,550.00,0.29,22.94,leda,,,1,,ESO056-115
eso97-13,ESO 97-13,ESO97-13,Circinus Galaxy,pgc50779,,galaxy,Spiral galaxy,G,Circinus,213.29146,-65.33922,8.71,4.27,11.27,24.19,leda,,,1,,ESO097-013
eso107-4,ESO 107-4,ESO107-4,,pgc66000,,galaxy,Elliptical galaxy,G,Pavo,315.87342,-67.18133,2.14,1.74,11.97,22.46,leda,,,1,,ESO107-004
eso121-26,ESO 121-26,ESO121-26,,pgc18880,,galaxy,Spiral galaxy,G,Pictor,95.41146,-59.73992,2.40,1.78,11.94,22.35,leda,,,1,,ESO121-026
eso121-6,ESO 121-6,ESO121-6,,pgc18437,,galaxy,Spiral galaxy,G,Pictor,91.87442,-61.80758,4.17,0.79,10.00,20.54,leda,,,1,,ESO121-006
eso138-10,ESO 138-10,ESO138-10,,pgc59373,,galaxy,Spiral galaxy,G,Ara,254.76229,-60.21603,5.50,3.98,11.11,23.28,leda,,,1,,ESO138-010
eso183-30,ESO 183-30,ESO183-30,,pgc62600,,galaxy,Elliptical galaxy,G,Telescopium,284.23308,-54.54544,2.34,1.95,11.67,22.24,leda,,,1,,ESO183-030
eso185-54,ESO 185-54,ESO185-54,,pgc64041,,galaxy,Elliptical galaxy,G,Telescopium,300.86263,-55.94717,2.09,0.87,11.24,21.65,leda,,,1,,ESO185-054
eso208-21,ESO 208-21,ESO208-21,,pgc21293,,galaxy,Elliptical galaxy,G,Puppis,113.48438,-50.44303,3.80,2.75,11.22,22.86,leda,,,1,,ESO208-021
eso213-11,ESO 213-11,ESO213-11,,pgc30022,,galaxy,Spiral galaxy,G,Vela,154.23133,-48.88108,3.55,2.09,11.87,22.90,leda,,,1,,ESO213-011
eso221-26,ESO 221-26,ESO221-26,,pgc50448,,galaxy,Elliptical galaxy,G,Centaurus,212.09921,-47.97047,3.16,2.19,11.06,22.41,leda,,,1,,ESO221-026
eso265-7,ESO 265-7,ESO265-7,,pgc33705,,galaxy,Spiral galaxy,G,Centaurus,166.95654,-46.52431,4.68,1.26,11.38,22.39,leda,,,1,,ESO265-007
eso269-57,ESO 269-57,ESO269-57,,pgc45683,,galaxy,Spiral galaxy,G,Centaurus,197.51846,-46.43733,3.71,2.14,11.86,23.11,leda,,,1,,ESO269-057
eso270-17,ESO 270-17,ESO270-17,Fourcade-Figueroa,pgc47847,,galaxy,Irregular galaxy,G,Centaurus,203.69708,-45.54750,11.48,1.45,11.31,23.55,leda,,,1,,ESO270-017
eso273-14,ESO 273-14,ESO273-14,,pgc53500,,galaxy,Irregular galaxy,G,Lupus,224.62654,-47.69894,4.79,3.55,11.96,23.84,leda,,,1,,ESO273-014
eso274-1,ESO 274-1,ESO274-1,,pgc54392,,galaxy,Spiral galaxy,G,Lupus,228.55767,-46.80794,9.77,1.55,11.19,23.33,leda,,,1,,ESO274-001
eso311-12,ESO 311-12,ESO311-12,,pgc21815,,galaxy,Lenticular galaxy,G,Puppis,116.89187,-41.45214,4.37,0.72,11.83,23.41,leda,,,1,,ESO311-012
eso351-30,ESO 351-30,ESO351-30,Sculptor Dwarf Elliptical,pgc3589,,galaxy,Elliptical galaxy,G,Sculptor,15.03896,-33.70903,15.26,15.26,9.42,24.38,derived,,,1,,ESO351-030
eso356-4,ESO 356-4,ESO356-4,Fornax Dwarf Spheroidal,pgc10074|pgc10093,,galaxy,Elliptical galaxy,G,Fornax,39.99721,-34.44919,12.88,10.47,8.08,22.47,leda,,,1,,ESO356-004
eso358-63,ESO 358-63,ESO358-63,,pgc13809,,galaxy,Spiral galaxy,G,Fornax,56.57921,-34.94356,4.27,1.26,11.89,22.72,leda,,,1,,ESO358-063
eso373-8,ESO 373-8,ESO373-8,,pgc27135,,galaxy,Spiral galaxy,G,Antlia,143.33963,-33.03350,3.72,0.98,11.93,22.39,leda,,,1,,ESO373-008
eso380-1,ESO 380-1,ESO380-1,,pgc39125,,galaxy,Spiral galaxy,G,Hydra,183.68800,-35.50981,2.14,1.62,11.89,22.09,leda,,,1,,ESO380-001
eso380-6,ESO 380-6,ESO380-6,,pgc39212,,galaxy,Spiral galaxy,G,Hydra,183.89279,-35.62975,3.63,1.62,11.54,22.51,leda,,,1,,ESO380-006
eso383-87,ESO 383-87,ESO383-87,,pgc49050,,galaxy,Spiral galaxy,G,Centaurus,207.32292,-36.06344,4.27,3.31,10.91,22.59,leda,,,1,,ESO383-087
eso443-24,ESO 443-24,ESO443-24,,pgc44852,,galaxy,Elliptical galaxy,G,Centaurus,195.25329,-32.44131,2.34,2.00,11.84,22.42,leda,,,1,,ESO443-024
eso462-15,ESO 462-15,ESO462-15,,pgc64584,,galaxy,Elliptical galaxy,G,Sagittarius,305.80767,-27.71456,2.14,1.74,11.92,22.45,leda,,,1,,ESO462-015
eso494-26,ESO 494-26,ESO494-26,,pgc22746,,galaxy,Spiral galaxy,G,Puppis,121.54621,-27.52842,4.07,2.69,11.51,22.99,leda,,,1,,ESO494-026
eso507-25,ESO 507-25,ESO507-25,,pgc43557,,galaxy,Elliptical galaxy,G,Hydra,192.88267,-26.45208,2.63,2.14,11.60,22.44,leda,,,1,,ESO507-025
eso556-15,ESO 556-15,ESO556-15,,pgc18858|ugca128,,galaxy,Spiral galaxy,G,Canis Major,95.27317,-20.04842,2.57,2.19,11.83,22.52,leda,,,1,,ESO556-015
h5,Harvard 5 · Cr 258,Harvard5,,cr258|mwsc2033,,open-cluster,Open cluster,OCl,Crux,186.81667,-60.77833,6.00,,7.10,19.62,derived,,,1,,H05
h20,Harvard 20 · Cr 408,Harvard20,,cr408|mwsc3198,,open-cluster,Open cluster,OCl,Sagitta,298.27500,18.33333,5.10,,7.70,19.87,derived,,,1,,H20
hcg79,HCG 79,HCG79,Seyfert's Sextet,,,galaxy,Galaxy group,GGroup,Serpens,239.79958,20.75861,2.80,,,22.50,typical,,,1,,HCG079
hcg92,HCG 92,HCG92,Stephan's Quintet,,,galaxy,Galaxy group,GGroup,Pegasus,338.99583,33.95833,4.40,,,22.50,typical,,,1,,HCG092
mel25,Mel 25 · C 41 · Cr 50,Mel 25,Hyades,c41|cr50,,open-cluster,Open cluster,OCl,Taurus,66.72500,15.86667,329.00,,,20.00,typical,,41,0,"a naked-eye star cluster five degrees across -- a camera-lens target, and not a surface the exposure model can price",C041
mel71,Mel 71,Mel 71,,mwsc1287,,open-cluster,Open cluster,OCl,Puppis,114.39000,-12.05500,14.40,,7.10,21.52,derived,,,1,,Mel071
mel101,Mel 101,Mel 101,,mwsc1840,,open-cluster,Open cluster,OCl,Carina,160.55000,-65.10000,8.40,,8.00,21.25,derived,,,1,,Mel101
mel105,Mel 105,Mel 105,,mwsc1933,,open-cluster,Open cluster,OCl,Carina,169.92500,-63.48333,5.40,,8.50,20.79,derived,,,1,,Mel105
mel111,Mel 111,Mel 111,Coma Star Cluster,,,open-cluster,Open cluster,OCl,Coma Berenices,186.27500,26.10000,253.50,,,20.00,typical,,,0,"a naked-eye star cluster four degrees across -- a camera-lens target, and not a surface the exposure model can price",Mel111
mwsc3171,MWSC 3171,MWSC3171,,,,globular-cluster,Globular cluster,GCl,Aquila,296.31000,-8.00722,5.40,,7.54,19.83,derived,,,1,,MWSC3171
pgc143,PGC 143,PGC143,Wolf-Lundmark-Melotte|WLM Galaxy,ugca444,,galaxy,Irregular galaxy,G,Cetus,0.49233,-15.46092,10.47,3.55,10.59,23.46,leda,,,1,,PGC000143
pgc3853,PGC 3853,PGC3853,,,,galaxy,Spiral galaxy,G,Cetus,16.27033,-6.21239,4.27,3.16,11.69,23.30,leda,,,1,,PGC003853
pgc25886,PGC 25886,PGC25886,,ugca150,,galaxy,Spiral galaxy,G,Hydra,137.70608,-8.89069,5.75,0.83,11.52,22.76,leda,,,1,,PGC025886
pgc29653,PGC 29653,PGC29653,Sextans A,ugca205,,galaxy,Irregular galaxy,G,Sextans,152.75333,-4.69278,5.25,4.47,11.77,23.97,leda,,,1,,PGC029653
pgc88608,PGC 88608,PGC88608,Sextans Dwarf Spheroidal,,,galaxy,Elliptical galaxy,G,Sextans,153.26208,-1.61472,30.20,12.02,11.05,27.12,leda,,,1,,PGC088608
ugc4305,UGC 4305,UGC4305,,pgc23324,,galaxy,Irregular galaxy,G,Ursa Major,124.77075,70.72003,7.94,5.62,10.75,23.67,leda,,,1,,UGC04305
ugc5373,UGC 5373,UGC5373,Sextans B,pgc28913,,galaxy,Irregular galaxy,G,Sextans,150.00042,5.33222,4.90,3.09,11.51,23.27,leda,,,1,,UGC05373
ugc5470,UGC 5470,UGC5470,Leo I,pgc29488,,galaxy,Elliptical galaxy,G,Leo,152.11708,12.30639,11.75,8.51,10.36,24.55,leda,,,1,,UGC05470
